#Fpt,#Exit point (0:hya and 1:ilm)
78.92,0.0
74.45,1.0
38.0,1.0
39.72,1.0
124.49,0.0
35.92,1.0
19.59,1.0
60.76,0.0
55.31,1.0
54.23,1.0
78.94,1.0
48.84,1.0
25.64,1.0
24.97,1.0
18.4,0.0
18.27,1.0
143.66,1.0
39.48,1.0
72.53,1.0
65.81,1.0
86.41,1.0
63.38,1.0
55.64,1.0
23.44,0.0
168.95,0.0
41.21,1.0
51.34,0.0
99.59,1.0
12.35,1.0
35.79,1.0
83.87,1.0
23.07,1.0
124.81,1.0
14.34,1.0
55.33,1.0
32.52,0.0
40.21,1.0
42.6,1.0
148.49,1.0
23.84,1.0
35.63,0.0
68.87,1.0
39.25,1.0
35.15,1.0
14.74,0.0
31.95,1.0
30.29,1.0
50.86,0.0
26.54,0.0
67.38,1.0
74.81,1.0
13.85,1.0
75.17,1.0
43.51,1.0
104.34,1.0
62.23,1.0
22.56,1.0
49.03,1.0
24.52,1.0
32.87,1.0
32.03,1.0
35.38,1.0
54.38,1.0
43.45,1.0
48.51,1.0
13.37,1.0
57.43,1.0
27.52,0.0
89.76,1.0
12.91,1.0
22.31,0.0
38.29,1.0
42.27,1.0
17.63,0.0
14.97,1.0
55.28,1.0
41.75,1.0
48.89,1.0
49.99,1.0
52.81,1.0
102.44,1.0
33.82,1.0
52.41,1.0
32.93,0.0
81.01,1.0
92.15,1.0
23.79,1.0
148.38,1.0
13.14,1.0
28.81,1.0
37.96,1.0
90.57,0.0
29.5,1.0
28.32,1.0
39.8,1.0
51.79,1.0
30.11,1.0
38.92,1.0
30.05,1.0
34.25,1.0
54.2,1.0
56.35,1.0
27.36,1.0
22.83,1.0
32.02,1.0
110.5,0.0
42.48,1.0
31.49,0.0
49.14,1.0
26.42,1.0
67.21,1.0
48.24,1.0
48.45,0.0
41.55,1.0
17.81,1.0
47.45,0.0
17.45,1.0
44.79,0.0
21.82,1.0
55.32,0.0
94.54,0.0
45.75,1.0
25.9,1.0
57.71,1.0
138.89,0.0
15.21,0.0
31.35,1.0
46.96,1.0
25.62,1.0
13.22,0.0
71.88,1.0
59.28,1.0
47.97,1.0
32.6,1.0
28.69,1.0
21.13,0.0
44.53,0.0
97.2,1.0
57.3,0.0
38.74,0.0
58.31,1.0
15.58,0.0
35.04,1.0
36.84,0.0
103.11,1.0
72.46,0.0
45.56,1.0
23.74,1.0
48.87,0.0
71.3,1.0
11.68,1.0
20.86,0.0
30.49,1.0
32.52,0.0
20.7,0.0
77.5,1.0
139.66,1.0
34.66,1.0
54.7,1.0
70.57,1.0
34.5,1.0
28.44,0.0
36.92,1.0
64.47,1.0
67.71,1.0
12.93,1.0
50.74,1.0
29.95,1.0
50.53,0.0
27.21,1.0
32.74,1.0
66.55,1.0
54.37,1.0
15.1,1.0
40.11,1.0
30.42,0.0
59.62,1.0
24.52,0.0
40.94,1.0
57.69,0.0
24.03,1.0
102.52,1.0
95.73,1.0
82.6,1.0
47.48,1.0
57.36,0.0
23.59,0.0
78.71,1.0
19.84,1.0
23.1,1.0
21.95,1.0
35.09,0.0
80.43,1.0
32.74,1.0
114.69,1.0
22.1,1.0
22.05,1.0
51.74,1.0
31.43,1.0
61.47,1.0
83.57,1.0
66.46,1.0
92.27,1.0
67.14,1.0
53.09,1.0
37.68,1.0
93.15,1.0
51.21,1.0
35.08,1.0
11.77,1.0
118.2,0.0
72.78,1.0
20.61,1.0
44.85,1.0
44.45,1.0
42.42,1.0
136.93,1.0
19.47,1.0
26.66,0.0
36.85,1.0
26.26,1.0
31.79,1.0
22.59,0.0
32.51,1.0
42.06,1.0
76.95,0.0
24.76,1.0
60.03,1.0
15.84,1.0
178.2,1.0
83.96,1.0
39.66,1.0
19.84,0.0
58.98,0.0
37.0,1.0
18.16,1.0
11.25,1.0
35.23,0.0
58.14,1.0
22.58,0.0
63.97,1.0
56.23,0.0
14.58,1.0
68.5,0.0
62.06,1.0
33.51,0.0
25.65,1.0
30.85,1.0
74.8,1.0
35.42,1.0
51.74,0.0
59.82,1.0
51.87,0.0
12.94,1.0
53.71,1.0
55.02,1.0
23.7,1.0
89.67,1.0
33.49,1.0
52.3,1.0
27.47,1.0
16.69,1.0
50.64,0.0
62.95,1.0
19.7,1.0
36.58,1.0
101.87,1.0
36.56,0.0
18.79,0.0
35.96,0.0
39.42,1.0
64.22,1.0
35.01,0.0
83.88,1.0
54.08,1.0
35.86,1.0
29.34,1.0
11.93,0.0
24.02,1.0
150.21,1.0
118.08,0.0
39.83,1.0
37.77,1.0
31.16,1.0
54.35,1.0
40.31,0.0
29.88,1.0
79.6,1.0
59.92,1.0
80.57,1.0
32.97,1.0
34.87,1.0
38.42,1.0
19.45,1.0
50.48,1.0
49.81,1.0
28.59,1.0
31.05,1.0
41.14,1.0
26.41,1.0
59.16,1.0
19.23,1.0
23.7,1.0
17.62,1.0
23.54,0.0
10.24,0.0
28.01,0.0
50.38,1.0
17.12,1.0
79.21,1.0
46.66,1.0
14.3,1.0
15.66,1.0
41.73,1.0
32.93,1.0
16.81,0.0
65.55,1.0
46.07,1.0
102.08,1.0
83.15,1.0
65.79,1.0
41.22,1.0
17.74,1.0
23.91,1.0
30.45,1.0
16.14,1.0
63.8,1.0
58.69,1.0
36.47,0.0
104.6,1.0
29.13,1.0
97.7,0.0
63.93,1.0
29.33,1.0
31.18,1.0
42.35,1.0
16.3,0.0
23.53,1.0
86.34,0.0
61.56,1.0
31.36,1.0
60.72,1.0
209.54,1.0
45.27,1.0
43.92,1.0
120.58,0.0
18.83,1.0
34.24,1.0
49.83,1.0
44.47,0.0
107.88,1.0
41.87,1.0
139.72,1.0
61.86,1.0
17.48,1.0
20.89,1.0
83.34,1.0
39.46,1.0
64.24,0.0
110.66,1.0
69.6,1.0
98.63,1.0
38.45,1.0
17.29,0.0
69.7,1.0
127.41,1.0
98.27,1.0
59.35,1.0
44.52,1.0
20.41,1.0
20.59,1.0
20.94,1.0
21.42,0.0
33.02,1.0
116.05,1.0
34.94,1.0
49.44,1.0
51.79,1.0
53.43,0.0
34.17,0.0
101.71,1.0
18.16,1.0
53.87,0.0
81.6,1.0
134.75,1.0
30.47,1.0
113.88,0.0
23.35,1.0
82.74,0.0
170.86,1.0
15.26,0.0
43.18,0.0
56.28,1.0
28.04,1.0
27.18,1.0
14.51,1.0
30.56,1.0
58.83,1.0
121.49,1.0
19.62,1.0
72.22,0.0
81.01,0.0
58.8,1.0
21.41,0.0
39.93,0.0
72.17,1.0
40.73,1.0
102.27,0.0
18.43,1.0
32.49,1.0
50.39,1.0
89.9,0.0
25.75,1.0
57.22,1.0
17.26,1.0
30.19,1.0
59.45,1.0
52.47,0.0
19.52,0.0
87.65,1.0
64.08,1.0
122.35,1.0
122.9,1.0
36.85,0.0
22.38,1.0
33.84,1.0
33.07,1.0
13.58,1.0
78.25,1.0
57.28,1.0
32.42,1.0
29.12,1.0
58.09,1.0
38.94,1.0
37.67,0.0
26.15,1.0
57.0,1.0
89.39,1.0
11.34,1.0
18.41,1.0
14.38,1.0
27.99,1.0
42.78,1.0
46.0,1.0
40.25,0.0
97.74,0.0
27.42,0.0
36.34,1.0
59.82,0.0
47.93,1.0
31.18,1.0
53.39,0.0
148.52,1.0
40.63,0.0
22.47,1.0
121.23,1.0
34.63,1.0
31.14,1.0
35.82,1.0
59.52,0.0
123.68,1.0
19.4,1.0
81.2,1.0
172.14,0.0
75.96,1.0
12.19,0.0
22.21,1.0
80.56,0.0
49.32,1.0
63.43,1.0
34.72,1.0
40.0,1.0
38.63,1.0
23.44,1.0
86.27,1.0
14.24,1.0
33.82,1.0
38.87,1.0
44.13,1.0
36.47,1.0
82.09,1.0
156.26,0.0
22.04,1.0
71.56,0.0
43.28,1.0
38.96,0.0
48.47,1.0
36.46,1.0
32.95,1.0
21.34,1.0
115.87,1.0
31.91,0.0
43.19,1.0
33.71,1.0
54.95,0.0
40.33,1.0
37.53,1.0
44.15,0.0
15.24,0.0
25.78,1.0
64.3,1.0
24.7,1.0
29.98,1.0
31.22,1.0
20.41,1.0
17.58,0.0
82.6,1.0
196.07,0.0
62.86,1.0
23.41,1.0
34.63,1.0
29.09,1.0
35.14,1.0
49.74,1.0
25.47,1.0
85.7,1.0
87.66,0.0
19.31,1.0
26.15,0.0
36.61,1.0
49.99,1.0
82.94,1.0
20.13,1.0
65.71,1.0
56.21,0.0
48.43,1.0
187.44,0.0
29.35,1.0
31.46,1.0
33.89,1.0
70.08,1.0
77.34,1.0
26.69,1.0
26.79,1.0
66.49,0.0
36.69,0.0
146.75,1.0
17.51,0.0
48.35,1.0
30.02,0.0
77.24,1.0
21.47,1.0
32.24,1.0
29.66,1.0
18.16,1.0
26.43,0.0
21.44,1.0
54.07,1.0
23.87,0.0
27.9,0.0
137.65,0.0
64.36,1.0
72.06,0.0
98.66,1.0
18.05,1.0
35.51,1.0
49.03,0.0
7.58,0.0
37.08,1.0
63.6,0.0
154.51,1.0
47.36,1.0
47.0,0.0
74.06,0.0
90.15,0.0
102.97,1.0
36.2,1.0
42.56,1.0
140.96,1.0
85.78,1.0
31.15,1.0
23.82,0.0
11.19,0.0
12.43,1.0
64.38,1.0
69.9,1.0
12.18,1.0
12.38,0.0
75.25,0.0
44.64,1.0
40.01,0.0
42.76,1.0
78.97,0.0
48.3,1.0
37.46,1.0
61.8,1.0
78.15,0.0
32.56,0.0
56.07,1.0
33.67,0.0
20.07,1.0
19.47,1.0
10.65,0.0
27.13,1.0
169.44,1.0
55.95,1.0
24.94,1.0
22.81,1.0
50.37,1.0
40.97,1.0
20.85,0.0
10.26,1.0
81.74,1.0
28.92,1.0
45.71,0.0
36.55,1.0
52.83,1.0
30.68,0.0
70.14,1.0
12.9,1.0
135.95,1.0
61.68,0.0
39.84,0.0
25.12,0.0
42.46,0.0
27.42,1.0
34.27,1.0
56.19,0.0
48.94,1.0
20.33,0.0
102.73,0.0
22.47,1.0
34.27,1.0
16.21,0.0
40.08,1.0
17.84,1.0
34.39,1.0
148.05,1.0
38.29,1.0
38.11,0.0
17.84,1.0
14.91,0.0
26.54,1.0
25.6,1.0
29.0,1.0
56.36,0.0
27.94,1.0
34.02,0.0
30.8,1.0
17.18,0.0
28.45,1.0
33.8,1.0
102.54,1.0
86.21,1.0
32.54,1.0
42.55,1.0
40.88,1.0
46.35,1.0
31.18,1.0
43.34,1.0
16.34,0.0
116.5,1.0
34.91,1.0
49.36,1.0
16.85,0.0
86.15,1.0
20.25,1.0
33.98,1.0
15.36,0.0
20.68,1.0
36.81,0.0
16.18,1.0
38.15,1.0
22.07,1.0
21.53,1.0
24.22,1.0
36.61,1.0
30.17,1.0
59.58,0.0
48.39,1.0
58.99,1.0
117.69,0.0
35.59,1.0
17.09,0.0
61.62,1.0
57.84,1.0
155.16,1.0
8.38,1.0
32.69,1.0
79.47,0.0
52.79,1.0
48.63,1.0
14.68,1.0
11.44,0.0
14.17,0.0
35.06,0.0
26.4,1.0
28.43,1.0
23.38,1.0
30.49,1.0
66.34,1.0
29.74,1.0
22.62,1.0
17.68,0.0
39.48,1.0
39.47,1.0
57.09,0.0
34.96,1.0
20.91,0.0
61.87,1.0
61.77,0.0
45.84,1.0
52.84,1.0
40.19,0.0
106.52,1.0
38.86,1.0
54.39,1.0
54.9,1.0
27.53,1.0
26.9,1.0
96.3,1.0
40.06,0.0
89.74,1.0
67.46,1.0
43.36,1.0
23.44,1.0
50.51,1.0
63.71,1.0
184.87,0.0
61.69,1.0
51.05,0.0
39.65,0.0
45.97,1.0
107.8,1.0
36.02,0.0
104.28,0.0
16.54,0.0
26.07,1.0
81.88,0.0
65.19,0.0
58.54,1.0
51.24,0.0
47.59,1.0
52.44,1.0
88.48,0.0
66.62,1.0
37.65,1.0
37.88,1.0
29.78,1.0
79.97,1.0
126.2,1.0
61.31,0.0
23.07,0.0
79.88,1.0
60.71,1.0
31.81,1.0
87.44,0.0
25.49,1.0
26.3,1.0
59.92,1.0
30.93,1.0
52.92,0.0
63.34,1.0
45.63,1.0
36.41,1.0
77.77,1.0
31.44,1.0
83.28,0.0
47.54,0.0
46.62,1.0
42.78,1.0
21.57,0.0
31.43,1.0
166.46,0.0
104.93,1.0
24.97,0.0
25.97,1.0
67.73,0.0
11.67,1.0
51.58,1.0
37.79,1.0
23.59,0.0
23.61,1.0
63.96,1.0
26.61,1.0
38.51,0.0
43.88,0.0
19.64,1.0
31.6,1.0
29.52,1.0
99.71,1.0
26.37,1.0
20.37,1.0
20.25,1.0
45.47,1.0
60.31,1.0
16.14,1.0
28.83,0.0
13.74,1.0
42.26,1.0
39.02,0.0
36.28,1.0
22.63,1.0
14.7,1.0
34.13,1.0
86.54,1.0
20.44,0.0
12.88,1.0
83.56,0.0
37.99,1.0
55.79,1.0
36.47,1.0
20.14,1.0
57.97,1.0
57.26,1.0
76.49,1.0
16.44,0.0
31.24,1.0
30.28,1.0
31.02,1.0
47.56,0.0
21.71,1.0
69.04,1.0
56.7,1.0
41.78,1.0
72.18,0.0
19.08,1.0
44.61,1.0
84.77,1.0
71.01,1.0
66.37,1.0
46.84,1.0
16.49,1.0
14.36,1.0
32.39,1.0
50.37,0.0
23.41,1.0
72.26,1.0
113.75,1.0
17.33,1.0
72.88,1.0
25.77,1.0
25.88,1.0
71.37,1.0
33.14,1.0
18.69,1.0
51.01,0.0
38.11,1.0
32.98,0.0
47.57,1.0
30.77,0.0
55.64,1.0
73.44,1.0
67.0,0.0
55.07,1.0
73.61,1.0
135.4,1.0
188.1,1.0
78.65,1.0
33.19,1.0
37.2,1.0
12.32,1.0
87.33,1.0
36.45,1.0
61.85,1.0
64.88,1.0
42.03,1.0
26.7,0.0
57.88,1.0
69.36,1.0
44.55,1.0
12.78,0.0
115.83,1.0
29.32,1.0
135.56,1.0
26.91,0.0
43.35,1.0
89.4,1.0
58.27,0.0
26.08,1.0
173.7,1.0
4.26,1.0
14.74,1.0
102.85,1.0
24.18,1.0
79.25,1.0
76.88,1.0
88.3,1.0
71.7,1.0
35.52,1.0
26.01,1.0
37.39,1.0
22.29,1.0
45.0,1.0
77.82,0.0
39.53,1.0
69.06,1.0
21.92,1.0
40.01,1.0
42.75,0.0
29.21,1.0
34.97,1.0
54.75,1.0
31.09,1.0
90.36,1.0
57.92,1.0
28.22,1.0
39.78,1.0
14.34,1.0
76.75,1.0
53.6,0.0
98.29,1.0
97.55,0.0
39.93,1.0
86.67,1.0
37.82,1.0
76.96,0.0
52.21,1.0
29.38,1.0
72.3,1.0
16.41,0.0
26.21,1.0
30.16,1.0
54.28,1.0
49.84,0.0
67.35,1.0
67.52,1.0
25.37,1.0
47.92,0.0
31.51,1.0
70.38,1.0
28.67,1.0
48.71,1.0
22.44,1.0
25.52,1.0
60.72,1.0
17.44,0.0
43.76,1.0
53.52,1.0
36.59,1.0
35.37,1.0
22.07,1.0
71.42,1.0
29.69,0.0
87.88,0.0
24.63,1.0
29.51,1.0
64.06,1.0
36.05,1.0
118.61,0.0
55.11,0.0
35.06,0.0
47.14,1.0
46.28,1.0
79.37,1.0
50.64,1.0
50.53,1.0
57.79,1.0
85.9,1.0
18.51,1.0
30.04,1.0
90.26,1.0
114.74,1.0
62.09,0.0
28.73,1.0
26.47,0.0
57.35,0.0
40.99,0.0
50.68,1.0
33.01,1.0
193.08,1.0
25.77,0.0
11.71,1.0
26.82,1.0
34.73,1.0
90.24,0.0
98.04,1.0
76.38,0.0
50.64,1.0
20.88,1.0
228.91,0.0
27.03,1.0
26.42,1.0
119.58,0.0
36.05,1.0
111.9,1.0
29.96,0.0
29.07,0.0
27.69,0.0
101.15,1.0
26.68,1.0
35.72,1.0
124.53,1.0
42.7,1.0
163.8,1.0
106.8,0.0
157.08,1.0
129.37,1.0
90.46,1.0
43.3,1.0
129.23,0.0
19.29,1.0
63.4,1.0
73.96,1.0
60.48,1.0
52.74,1.0
33.5,0.0
11.26,1.0
87.7,1.0
49.59,0.0
34.81,1.0
121.64,1.0
60.91,1.0
59.22,0.0
76.98,1.0
22.47,1.0
64.71,1.0
12.04,1.0
51.33,1.0
56.73,1.0
116.27,1.0
46.28,1.0
78.52,1.0
34.63,1.0
65.68,1.0
26.05,0.0
34.64,1.0
50.1,1.0
74.89,1.0
42.25,0.0
23.9,1.0
23.1,1.0
86.31,0.0
31.22,1.0
101.53,0.0
74.18,0.0
89.52,1.0
35.11,0.0
176.29,1.0
30.55,1.0
137.21,0.0
76.04,1.0
88.04,0.0
48.25,1.0
69.16,1.0
47.16,0.0
21.15,1.0
13.85,1.0
28.32,1.0
29.95,0.0
62.87,1.0
12.51,1.0
75.12,1.0
104.31,1.0
29.71,1.0
71.29,0.0
20.39,1.0
53.42,0.0
25.24,1.0
64.79,0.0
28.07,0.0
29.34,0.0
16.85,1.0
27.87,1.0
41.58,1.0
26.95,1.0
33.83,1.0
18.26,1.0
22.74,1.0
16.91,0.0
25.37,1.0
79.62,0.0
50.75,1.0
78.52,1.0
32.85,0.0
14.66,1.0
57.75,1.0
41.26,1.0
60.77,1.0
73.62,1.0
25.73,1.0
35.03,1.0
65.37,1.0
155.45,1.0
46.95,0.0
20.43,1.0
63.05,0.0
9.53,1.0
24.45,1.0
47.79,1.0
28.01,0.0
28.31,1.0
98.56,1.0
33.56,1.0
53.9,1.0
35.74,1.0
80.52,1.0
18.9,1.0
17.03,1.0
94.92,1.0
51.13,0.0
18.6,1.0
30.78,1.0
34.15,1.0
52.63,1.0
15.55,0.0
94.32,1.0
52.88,1.0
41.5,1.0
33.31,0.0
77.11,0.0
17.33,1.0
113.5,0.0
119.4,1.0
83.92,1.0
51.4,0.0
38.6,0.0
32.78,1.0
88.08,1.0
90.78,1.0
96.33,0.0
125.89,1.0
82.4,1.0
15.31,0.0
24.04,1.0
22.28,1.0
150.03,0.0
17.46,1.0
59.04,1.0
37.06,1.0
22.07,1.0
28.2,0.0
62.66,1.0
15.56,1.0
66.05,1.0
70.1,1.0
32.84,1.0
59.03,1.0
40.79,1.0
64.61,0.0
53.13,1.0
55.73,1.0
20.77,1.0
132.18,1.0
68.81,1.0
56.08,0.0
41.53,1.0
77.82,0.0
38.18,0.0
55.55,1.0
69.68,0.0
51.53,1.0
52.78,1.0
40.85,1.0
91.54,1.0
38.15,1.0
200.51,1.0
88.63,1.0
120.74,1.0
77.8,0.0
46.47,0.0
34.35,0.0
28.59,1.0
25.86,1.0
32.43,1.0
41.07,1.0
27.01,1.0
10.7,1.0
106.0,1.0
40.27,1.0
73.64,1.0
38.18,1.0
19.75,1.0
45.84,1.0
23.41,1.0
20.0,1.0
59.57,1.0
38.1,1.0
95.12,0.0
9.86,1.0
35.54,0.0
17.82,1.0
44.28,1.0
50.4,0.0
21.89,1.0
51.83,1.0
163.68,1.0
28.32,1.0
91.39,1.0
37.5,1.0
52.14,1.0
55.83,1.0
44.4,1.0
22.03,0.0
67.38,1.0
25.6,1.0
13.5,1.0
27.05,1.0
63.19,1.0
80.71,0.0
42.49,1.0
62.46,0.0
50.78,0.0
74.28,1.0
61.6,1.0
38.53,1.0
41.78,0.0
27.36,1.0
19.2,1.0
75.12,1.0
45.67,1.0
32.67,1.0
62.6,0.0
85.42,0.0
23.68,1.0
24.18,1.0
15.2,1.0
8.7,1.0
75.7,1.0
29.21,0.0
35.67,1.0
80.1,1.0
111.01,1.0
98.6,0.0
48.85,1.0
50.7,1.0
29.42,1.0
21.49,1.0
57.91,0.0
57.63,1.0
40.66,1.0
40.54,0.0
53.26,1.0
37.21,0.0
64.63,1.0
76.71,1.0
15.17,1.0
34.85,1.0
19.49,1.0
35.83,1.0
47.0,1.0
46.07,0.0
74.32,1.0
94.15,1.0
14.25,1.0
39.0,1.0
39.87,0.0
50.06,1.0
105.74,0.0
29.66,0.0
39.84,1.0
61.79,1.0
8.25,1.0
39.09,1.0
12.86,1.0
122.56,1.0
27.45,1.0
27.5,1.0
45.29,1.0
15.96,0.0
60.24,1.0
84.38,1.0
46.17,1.0
16.72,1.0
17.32,1.0
65.87,0.0
101.35,1.0
38.7,1.0
66.72,0.0
42.12,1.0
95.46,1.0
33.71,0.0
52.15,0.0
30.82,1.0
15.65,1.0
33.05,1.0
105.74,0.0
44.98,1.0
19.08,0.0
73.59,0.0
16.98,0.0
74.0,1.0
142.79,0.0
30.74,1.0
21.92,1.0
51.6,0.0
87.09,1.0
90.74,1.0
89.23,1.0
30.81,0.0
43.66,0.0
8.78,1.0
51.92,1.0
17.26,1.0
75.12,1.0
63.0,1.0
20.79,1.0
30.76,0.0
49.31,0.0
39.79,1.0
57.95,1.0
91.73,0.0
21.63,1.0
9.86,1.0
26.79,1.0
47.91,0.0
73.93,1.0
47.01,1.0
19.78,1.0
80.15,1.0
21.48,1.0
47.84,1.0
75.76,0.0
19.18,1.0
38.82,1.0
33.91,1.0
47.58,1.0
110.97,1.0
58.88,1.0
42.02,0.0
42.84,1.0
96.92,0.0
101.21,1.0
39.69,1.0
60.73,0.0
57.98,0.0
95.08,1.0
16.69,1.0
33.53,0.0
28.69,1.0
76.27,1.0
44.48,1.0
23.39,1.0
131.76,1.0
78.72,1.0
102.82,1.0
32.11,1.0
28.91,1.0
30.68,1.0
49.3,1.0
45.54,0.0
83.7,1.0
36.9,0.0
61.71,1.0
181.65,0.0
30.63,1.0
29.84,1.0
86.01,1.0
31.15,1.0
58.94,0.0
52.07,1.0
21.87,1.0
34.38,1.0
10.46,1.0
72.26,0.0
79.8,1.0
166.66,1.0
12.23,1.0
69.79,1.0
34.68,0.0
38.15,1.0
31.16,1.0
97.21,1.0
24.3,0.0
25.57,1.0
24.15,1.0
51.45,1.0
23.27,1.0
61.97,1.0
37.69,0.0
28.35,1.0
16.58,1.0
47.05,1.0
56.49,1.0
33.19,1.0
37.63,0.0
39.67,1.0
40.12,1.0
117.15,0.0
49.47,0.0
74.3,1.0
21.49,1.0
24.02,1.0
68.25,0.0
37.92,1.0
90.45,1.0
76.13,0.0
28.07,0.0
26.56,1.0
32.68,0.0
141.73,1.0
119.54,0.0
52.69,1.0
33.71,1.0
57.96,1.0
15.87,1.0
10.12,1.0
22.61,1.0
42.79,1.0
31.98,1.0
38.65,1.0
83.65,0.0
40.75,1.0
79.97,1.0
42.76,0.0
50.79,0.0
47.2,1.0
37.39,0.0
22.08,1.0
21.04,1.0
21.04,0.0
94.64,1.0
86.02,1.0
126.71,0.0
93.66,0.0
21.99,1.0
25.54,1.0
54.95,1.0
36.85,1.0
103.31,0.0
49.26,1.0
33.68,0.0
25.81,1.0
13.37,0.0
27.94,1.0
39.69,0.0
33.82,1.0
43.84,1.0
13.98,1.0
14.13,1.0
27.01,0.0
57.45,1.0
85.34,1.0
51.42,1.0
95.05,1.0
23.89,1.0
34.0,0.0
101.33,1.0
86.37,0.0
54.02,0.0
51.8,1.0
14.88,1.0
71.63,0.0
18.85,1.0
27.75,1.0
59.7,1.0
53.13,1.0
13.05,1.0
44.88,0.0
18.92,0.0
60.07,1.0
150.18,1.0
33.19,1.0
84.02,0.0
62.88,1.0
44.85,1.0
23.55,0.0
34.97,1.0
45.46,0.0
40.38,1.0
76.45,1.0
16.0,1.0
57.7,1.0
88.86,1.0
42.52,1.0
61.85,1.0
23.5,1.0
10.04,1.0
30.06,0.0
71.18,1.0
141.05,1.0
125.63,1.0
48.15,1.0
58.43,0.0
120.18,1.0
44.17,1.0
115.1,0.0
40.89,1.0
31.98,0.0
20.96,1.0
91.83,1.0
22.13,0.0
10.79,1.0
120.52,1.0
84.99,1.0
123.24,0.0
26.86,1.0
43.34,1.0
40.2,0.0
69.06,1.0
89.1,1.0
15.78,1.0
67.32,0.0
59.15,0.0
72.88,1.0
28.87,1.0
26.49,0.0
38.33,0.0
135.41,1.0
56.43,1.0
33.54,0.0
50.67,0.0
16.56,1.0
34.89,1.0
87.77,1.0
29.06,0.0
70.85,1.0
27.63,1.0
21.47,0.0
105.51,1.0
81.1,0.0
55.67,0.0
52.37,0.0
114.96,1.0
21.07,0.0
52.15,1.0
64.44,1.0
41.41,0.0
38.03,0.0
59.06,1.0
80.82,0.0
25.29,1.0
13.36,0.0
17.14,0.0
24.1,1.0
50.62,0.0
75.33,0.0
56.16,1.0
32.89,0.0
190.1,1.0
12.65,0.0
19.9,1.0
17.99,1.0
98.64,1.0
41.08,1.0
24.17,1.0
35.78,1.0
40.53,1.0
23.12,0.0
71.85,1.0
20.29,1.0
23.43,1.0
50.85,0.0
44.63,1.0
32.06,1.0
34.06,1.0
29.5,1.0
52.59,0.0
44.28,1.0
32.6,1.0
41.46,1.0
54.33,1.0
39.1,0.0
39.56,1.0
62.09,1.0
33.42,1.0
22.56,1.0
36.55,1.0
41.0,0.0
183.24,1.0
36.73,0.0
54.77,0.0
40.9,0.0
34.52,0.0
26.58,1.0
14.9,1.0
17.25,1.0
163.67,1.0
23.17,0.0
23.53,1.0
61.81,1.0
14.79,0.0
58.98,1.0
52.47,1.0
19.17,1.0
42.82,0.0
39.03,0.0
15.73,0.0
91.12,1.0
179.34,0.0
26.1,1.0
29.31,1.0
34.98,1.0
42.15,1.0
115.78,1.0
74.71,1.0
15.49,1.0
35.1,1.0
15.63,1.0
65.48,0.0
38.6,0.0
102.12,0.0
38.76,0.0
92.83,0.0
85.77,1.0
45.54,1.0
16.55,1.0
30.1,1.0
45.77,0.0
38.64,1.0
32.62,1.0
30.37,0.0
32.79,0.0
38.82,0.0
181.14,1.0
35.48,1.0
27.35,1.0
35.14,1.0
94.72,1.0
67.91,1.0
98.24,1.0
78.6,1.0
65.62,0.0
22.41,0.0
40.16,1.0
31.84,1.0
15.31,1.0
36.39,1.0
36.88,1.0
29.23,1.0
34.2,1.0
54.36,1.0
165.01,1.0
31.1,1.0
102.93,1.0
39.22,0.0
102.44,1.0
17.02,0.0
20.54,1.0
34.39,1.0
33.02,1.0
38.33,1.0
18.04,1.0
23.88,1.0
56.89,1.0
107.15,1.0
18.89,0.0
19.83,0.0
53.55,1.0
39.83,0.0
21.18,1.0
100.92,1.0
133.82,1.0
55.55,0.0
47.83,1.0
57.27,1.0
53.41,0.0
66.21,1.0
16.47,1.0
23.7,0.0
37.58,0.0
24.58,1.0
31.96,1.0
51.69,1.0
80.81,1.0
38.39,1.0
50.13,1.0
34.55,0.0
26.16,1.0
111.41,0.0
18.96,1.0
14.0,1.0
42.51,1.0
48.96,1.0
76.89,1.0
18.02,1.0
27.34,0.0
70.88,0.0
33.52,1.0
38.41,1.0
59.28,1.0
28.88,1.0
64.03,1.0
72.31,1.0
47.38,1.0
91.09,0.0
146.56,1.0
74.94,0.0
60.36,1.0
34.1,1.0
37.05,1.0
40.0,1.0
43.88,1.0
39.86,1.0
66.8,1.0
22.8,1.0
121.6,0.0
51.66,1.0
22.6,0.0
150.38,1.0
7.37,1.0
58.2,1.0
21.4,0.0
56.81,1.0
40.19,0.0
28.98,0.0
23.33,1.0
14.68,1.0
71.74,0.0
22.64,1.0
28.63,0.0
234.69,1.0
53.1,1.0
80.35,1.0
41.1,1.0
144.16,0.0
79.29,0.0
31.64,1.0
58.97,0.0
91.99,1.0
63.04,1.0
32.54,1.0
177.8,1.0
60.54,1.0
88.1,1.0
32.21,0.0
49.92,1.0
19.71,1.0
27.9,1.0
44.67,1.0
116.41,1.0
29.18,0.0
37.52,1.0
41.3,0.0
20.88,1.0
26.29,1.0
42.16,1.0
130.41,0.0
31.4,0.0
54.18,1.0
32.82,1.0
121.59,1.0
54.55,1.0
174.92,1.0
51.26,0.0
23.89,1.0
46.63,0.0
33.61,1.0
21.24,1.0
42.69,1.0
59.58,1.0
57.3,1.0
21.49,1.0
25.66,1.0
71.44,0.0
124.75,1.0
114.03,0.0
31.49,1.0
19.51,1.0
74.88,1.0
65.79,1.0
20.22,0.0
40.14,1.0
109.01,1.0
17.52,1.0
53.49,1.0
35.0,1.0
20.74,1.0
87.51,1.0
85.52,0.0
28.75,1.0
54.35,1.0
25.23,1.0
35.8,1.0
65.51,1.0
10.76,1.0
106.51,0.0
155.63,1.0
86.12,0.0
40.29,1.0
121.84,1.0
141.87,1.0
249.14,0.0
57.82,1.0
34.84,1.0
23.28,1.0
23.28,1.0
24.59,1.0
23.62,0.0
21.53,1.0
14.99,0.0
59.18,1.0
30.56,1.0
13.36,1.0
50.63,1.0
75.39,0.0
15.46,1.0
56.48,1.0
34.43,1.0
66.14,1.0
28.52,1.0
62.42,0.0
40.33,0.0
20.79,1.0
94.5,1.0
23.72,1.0
51.61,1.0
86.28,1.0
30.77,1.0
27.83,1.0
56.12,1.0
60.23,0.0
155.5,1.0
31.1,0.0
50.9,0.0
67.09,1.0
30.74,1.0
32.36,1.0
11.53,1.0
51.62,0.0
82.43,0.0
27.37,0.0
45.48,1.0
24.8,1.0
44.59,0.0
35.4,0.0
80.99,1.0
41.89,0.0
38.23,1.0
35.24,1.0
13.79,1.0
10.1,1.0
114.51,1.0
84.23,0.0
65.25,1.0
100.85,1.0
53.69,1.0
34.56,0.0
76.46,1.0
81.47,0.0
235.64,1.0
36.5,1.0
50.39,0.0
36.86,1.0
22.03,1.0
15.36,1.0
25.16,1.0
8.39,1.0
23.72,1.0
80.24,0.0
17.88,0.0
85.84,1.0
55.02,1.0
32.18,0.0
37.72,0.0
16.39,1.0
103.2,1.0
41.85,0.0
29.48,1.0
26.25,1.0
55.61,1.0
8.88,1.0
132.29,1.0
27.6,1.0
58.18,0.0
85.52,1.0
70.1,1.0
123.15,1.0
54.3,1.0
100.7,1.0
22.46,0.0
42.72,1.0
31.95,0.0
67.25,1.0
26.75,1.0
53.81,1.0
36.2,0.0
79.89,1.0
32.99,1.0
69.05,0.0
35.6,1.0
51.47,0.0
68.35,1.0
34.42,1.0
45.54,0.0
64.47,1.0
27.29,1.0
45.93,1.0
126.44,1.0
69.25,0.0
68.27,0.0
34.28,0.0
34.69,1.0
114.45,1.0
85.75,1.0
42.68,1.0
34.28,1.0
51.16,1.0
44.57,1.0
32.45,0.0
52.95,1.0
34.07,1.0
42.21,1.0
64.72,1.0
42.18,0.0
27.8,1.0
68.9,1.0
41.15,1.0
58.52,1.0
28.91,0.0
128.03,1.0
28.32,1.0
38.39,1.0
28.2,1.0
28.49,1.0
83.05,0.0
34.73,1.0
66.04,1.0
46.64,1.0
48.31,1.0
63.16,0.0
31.85,1.0
38.42,1.0
24.37,1.0
31.05,1.0
62.56,1.0
85.44,1.0
80.94,1.0
44.04,0.0
32.4,1.0
63.74,1.0
78.85,1.0
55.86,1.0
86.07,0.0
24.72,1.0
54.08,1.0
72.99,1.0
58.05,1.0
35.2,1.0
41.75,0.0
16.89,1.0
73.43,1.0
28.34,1.0
36.8,1.0
17.65,0.0
24.03,1.0
47.99,1.0
51.24,0.0
36.65,1.0
84.78,0.0
156.06,1.0
106.64,1.0
22.16,0.0
79.51,1.0
50.25,1.0
192.6,1.0
104.31,1.0
91.9,1.0
66.34,1.0
132.33,1.0
32.17,1.0
25.75,0.0
49.95,0.0
27.08,1.0
56.42,1.0
17.49,1.0
30.19,1.0
117.47,0.0
47.1,0.0
22.41,1.0
160.35,1.0
41.18,0.0
74.74,1.0
14.15,1.0
37.55,1.0
31.72,0.0
41.51,1.0
29.51,0.0
7.16,1.0
80.4,1.0
48.02,1.0
47.29,1.0
48.35,1.0
36.63,0.0
42.74,1.0
31.34,1.0
46.53,1.0
89.24,1.0
81.08,1.0
38.0,1.0
62.15,1.0
41.63,1.0
79.25,0.0
160.12,1.0
13.51,0.0
22.52,1.0
23.79,0.0
28.59,1.0
49.96,1.0
39.74,1.0
35.6,1.0
41.15,1.0
26.88,1.0
92.13,1.0
20.81,1.0
42.51,1.0
41.87,1.0
49.64,1.0
36.15,1.0
38.92,1.0
19.24,1.0
29.34,0.0
73.83,1.0
144.24,0.0
31.68,1.0
32.76,0.0
51.05,1.0
37.73,0.0
43.74,1.0
92.56,1.0
25.8,1.0
110.34,0.0
62.07,1.0
70.47,0.0
104.54,1.0
38.57,1.0
61.75,0.0
34.16,1.0
120.93,1.0
35.0,1.0
26.83,1.0
26.84,0.0
78.37,0.0
24.52,0.0
35.33,1.0
69.47,0.0
18.22,1.0
51.88,1.0
73.05,0.0
60.33,1.0
14.49,1.0
28.42,1.0
22.01,1.0
34.96,0.0
88.62,0.0
56.5,1.0
49.47,0.0
82.25,1.0
19.98,1.0
83.67,0.0
27.64,1.0
33.34,1.0
27.61,0.0
47.03,1.0
56.12,1.0
58.55,1.0
34.69,0.0
33.64,1.0
35.43,1.0
16.85,1.0
27.16,0.0
75.49,1.0
27.0,1.0
77.68,1.0
52.15,1.0
40.06,1.0
80.52,1.0
23.8,1.0
25.53,1.0
90.14,1.0
110.83,0.0
17.55,0.0
32.27,1.0
37.29,1.0
38.92,1.0
48.65,1.0
20.36,1.0
52.92,1.0
46.19,1.0
61.82,1.0
43.11,1.0
77.63,1.0
33.87,1.0
36.1,0.0
44.26,1.0
29.34,0.0
40.3,0.0
69.14,1.0
49.85,1.0
20.63,1.0
55.21,1.0
43.83,1.0
13.3,0.0
69.07,1.0
157.13,0.0
125.01,0.0
30.65,0.0
178.35,0.0
42.6,1.0
39.89,1.0
38.69,1.0
16.77,1.0
39.48,1.0
85.79,1.0
34.13,0.0
12.16,1.0
63.2,1.0
35.6,1.0
36.65,1.0
58.53,1.0
30.3,1.0
24.08,0.0
33.91,1.0
17.06,1.0
10.89,1.0
16.27,1.0
40.28,1.0
19.54,1.0
104.55,1.0
192.93,1.0
73.41,1.0
46.07,1.0
63.7,1.0
95.39,1.0
75.6,0.0
47.36,1.0
56.04,1.0
25.96,0.0
53.68,1.0
38.63,1.0
27.76,1.0
42.24,1.0
130.67,0.0
53.65,1.0
110.49,0.0
20.23,1.0
31.03,1.0
50.98,1.0
30.26,1.0
71.9,1.0
55.99,1.0
43.74,0.0
83.52,1.0
42.16,0.0
30.53,1.0
70.73,1.0
18.0,0.0
13.28,1.0
23.55,1.0
56.47,0.0
36.27,1.0
65.25,1.0
21.58,1.0
27.66,1.0
49.42,1.0
13.59,1.0
35.1,1.0
12.92,0.0
72.13,1.0
16.21,1.0
43.99,1.0
176.39,0.0
55.14,1.0
52.16,1.0
29.2,1.0
77.45,1.0
82.19,0.0
17.29,1.0
64.66,1.0
55.71,1.0
25.32,1.0
31.77,1.0
49.65,1.0
30.55,1.0
26.25,1.0
48.58,1.0
68.7,0.0
68.6,1.0
46.53,0.0
31.27,1.0
38.8,1.0
24.75,1.0
22.57,1.0
27.79,1.0
64.58,1.0
66.94,1.0
35.01,1.0
45.12,1.0
10.29,1.0
89.03,1.0
81.72,1.0
108.65,1.0
23.63,1.0
60.69,0.0
70.6,0.0
42.48,1.0
106.47,1.0
31.2,0.0
81.88,1.0
49.05,0.0
52.85,1.0
74.12,0.0
78.78,1.0
12.04,1.0
65.62,1.0
23.24,0.0
14.14,1.0
39.66,1.0
34.64,1.0
24.36,0.0
19.2,1.0
68.31,1.0
17.33,1.0
17.43,1.0
24.95,1.0
17.25,1.0
51.67,1.0
72.98,0.0
28.3,1.0
48.28,0.0
85.42,1.0
24.0,0.0
11.39,1.0
55.7,0.0
78.83,1.0
52.84,1.0
58.17,1.0
18.96,0.0
53.96,0.0
63.93,0.0
88.75,0.0
27.49,1.0
56.44,1.0
22.56,1.0
49.48,1.0
162.85,0.0
95.75,0.0
38.58,1.0
29.54,0.0
114.73,1.0
99.84,1.0
29.14,0.0
39.7,1.0
29.3,0.0
105.02,0.0
25.96,1.0
55.06,1.0
43.06,1.0
79.43,1.0
61.68,1.0
76.86,1.0
20.76,1.0
41.26,1.0
74.89,1.0
21.87,1.0
45.36,1.0
49.24,0.0
13.68,1.0
98.32,1.0
63.79,1.0
80.38,0.0
29.31,1.0
106.68,1.0
79.86,1.0
28.29,1.0
43.62,1.0
29.26,1.0
24.24,1.0
64.44,1.0
59.24,1.0
17.29,1.0
22.26,0.0
31.59,1.0
165.91,1.0
66.0,1.0
25.08,1.0
34.51,0.0
38.28,1.0
62.75,1.0
82.96,0.0
46.35,1.0
43.5,1.0
61.52,0.0
30.07,1.0
67.36,1.0
51.06,0.0
82.29,1.0
105.26,0.0
32.9,1.0
45.95,0.0
130.12,0.0
23.64,1.0
36.22,1.0
29.35,1.0
75.8,0.0
61.96,1.0
41.67,0.0
54.97,1.0
16.84,1.0
18.06,1.0
56.18,1.0
29.82,0.0
27.85,1.0
64.42,1.0
28.28,1.0
19.72,1.0
139.98,0.0
20.97,1.0
28.8,1.0
23.74,0.0
72.33,0.0
55.66,1.0
57.45,0.0
63.05,1.0
55.89,0.0
31.86,0.0
19.21,0.0
16.68,1.0
37.44,1.0
33.26,1.0
19.39,1.0
27.35,0.0
49.19,1.0
13.14,1.0
21.42,1.0
46.74,1.0
85.05,1.0
26.12,1.0
65.85,1.0
65.5,0.0
30.68,1.0
12.67,0.0
54.14,1.0
21.42,1.0
46.64,1.0
19.61,1.0
33.71,1.0
103.36,1.0
88.13,1.0
12.91,0.0
103.49,1.0
20.87,0.0
64.14,1.0
62.87,1.0
65.03,0.0
26.56,1.0
47.97,0.0
30.59,1.0
22.47,1.0
48.71,1.0
39.26,0.0
76.5,1.0
83.61,1.0
48.89,1.0
11.63,1.0
56.57,0.0
106.38,1.0
7.63,1.0
24.09,1.0
74.09,1.0
58.89,0.0
49.87,1.0
71.41,1.0
16.6,1.0
32.08,1.0
53.04,1.0
14.34,1.0
101.55,1.0
38.91,1.0
27.23,1.0
69.24,1.0
23.42,1.0
36.48,1.0
19.91,1.0
33.84,1.0
25.31,1.0
32.35,1.0
32.85,1.0
59.18,0.0
64.73,0.0
68.06,1.0
17.57,1.0
25.45,1.0
25.31,1.0
47.45,1.0
89.6,1.0
36.76,1.0
45.59,1.0
65.11,1.0
65.13,0.0
37.42,1.0
40.93,1.0
33.95,1.0
56.7,1.0
36.07,0.0
57.64,1.0
118.71,1.0
52.55,1.0
52.15,1.0
69.81,1.0
22.72,1.0
25.23,1.0
46.13,0.0
81.75,0.0
68.73,1.0
48.5,1.0
17.07,1.0
96.11,1.0
49.82,1.0
71.98,1.0
23.82,1.0
30.37,1.0
24.08,1.0
33.59,1.0
107.92,1.0
31.99,0.0
38.03,0.0
35.69,1.0
29.88,1.0
68.62,0.0
55.34,1.0
29.89,0.0
26.84,1.0
64.82,0.0
83.04,1.0
12.17,1.0
32.31,1.0
94.16,1.0
22.39,0.0
38.49,1.0
32.61,1.0
52.98,0.0
36.17,1.0
43.45,1.0
200.96,1.0
33.35,1.0
62.2,1.0
57.49,1.0
16.95,1.0
106.8,1.0
30.53,1.0
39.49,1.0
28.41,1.0
164.09,1.0
39.15,1.0
30.56,1.0
40.46,0.0
119.41,0.0
87.7,1.0
27.35,1.0
13.49,1.0
28.45,1.0
29.34,0.0
147.25,1.0
58.66,0.0
25.15,0.0
28.35,1.0
26.58,1.0
56.12,1.0
63.22,1.0
59.49,1.0
42.04,1.0
29.71,1.0
12.39,1.0
85.43,1.0
62.34,1.0
25.11,1.0
207.16,0.0
24.32,1.0
65.37,1.0
52.92,1.0
52.73,1.0
103.79,0.0
44.55,1.0
44.56,1.0
56.94,1.0
46.74,1.0
59.65,1.0
28.4,1.0
108.52,1.0
26.62,0.0
27.82,1.0
74.78,0.0
70.67,0.0
19.43,1.0
42.98,1.0
10.93,0.0
79.96,1.0
21.96,1.0
169.14,0.0
17.38,0.0
38.14,1.0
25.83,1.0
23.46,0.0
15.31,1.0
73.97,1.0
51.11,1.0
33.74,0.0
45.33,1.0
37.85,1.0
35.87,1.0
38.73,1.0
34.59,1.0
127.91,1.0
246.4,1.0
27.44,1.0
126.25,0.0
71.61,1.0
18.7,1.0
52.05,1.0
118.65,1.0
42.08,1.0
26.82,1.0
40.98,1.0
69.43,1.0
26.37,0.0
29.89,1.0
62.26,1.0
20.73,1.0
31.45,1.0
92.3,1.0
58.63,1.0
28.36,1.0
51.95,0.0
9.46,1.0
21.97,1.0
65.25,1.0
33.46,1.0
120.98,0.0
31.75,1.0
122.98,1.0
43.85,0.0
91.14,1.0
70.46,1.0
52.75,1.0
50.54,1.0
50.33,0.0
34.71,1.0
24.43,1.0
104.11,1.0
58.59,1.0
40.67,1.0
18.24,1.0
13.96,1.0
11.77,1.0
54.6,1.0
56.83,1.0
39.63,1.0
57.08,0.0
52.49,1.0
14.31,1.0
70.69,1.0
89.53,1.0
22.94,0.0
38.12,1.0
62.08,0.0
12.25,1.0
45.02,0.0
80.57,1.0
23.72,0.0
38.55,1.0
33.47,1.0
37.4,1.0
25.74,1.0
42.14,1.0
31.17,0.0
9.25,1.0
110.03,1.0
108.49,1.0
64.37,0.0
99.51,1.0
17.24,1.0
93.79,0.0
31.01,1.0
78.09,0.0
53.9,1.0
53.63,0.0
58.51,1.0
42.84,1.0
17.11,1.0
29.13,1.0
33.32,1.0
93.34,1.0
39.15,1.0
26.09,1.0
103.91,1.0
53.44,1.0
24.0,1.0
36.35,0.0
17.49,1.0
51.94,1.0
176.23,1.0
17.71,0.0
70.06,0.0
29.32,0.0
23.51,1.0
56.12,0.0
31.18,1.0
49.23,0.0
17.3,1.0
94.39,1.0
66.34,0.0
223.01,1.0
31.52,1.0
70.67,1.0
40.71,1.0
85.26,0.0
15.2,1.0
20.81,0.0
37.67,0.0
24.77,1.0
26.3,1.0
49.73,1.0
39.27,1.0
22.64,0.0
79.96,0.0
44.3,1.0
42.12,0.0
23.83,1.0
88.58,0.0
34.22,0.0
34.82,1.0
69.17,0.0
45.85,0.0
38.97,1.0
35.67,0.0
66.57,0.0
18.55,1.0
75.79,1.0
35.87,1.0
51.21,0.0
34.69,1.0
112.39,1.0
45.27,1.0
47.5,1.0
32.39,1.0
201.18,0.0
44.01,1.0
79.0,1.0
37.56,1.0
87.35,1.0
19.01,1.0
44.52,1.0
35.98,1.0
19.73,1.0
26.26,1.0
100.42,1.0
87.13,0.0
51.98,1.0
119.33,0.0
54.32,1.0
31.75,1.0
31.6,1.0
51.02,0.0
33.76,0.0
43.54,0.0
40.58,1.0
24.48,0.0
51.36,0.0
30.93,1.0
138.16,1.0
29.06,1.0
89.54,0.0
62.13,1.0
48.5,1.0
44.62,1.0
35.63,1.0
42.87,0.0
55.55,1.0
29.58,0.0
46.89,1.0
121.69,0.0
54.71,1.0
101.29,1.0
30.54,1.0
25.14,1.0
110.21,1.0
23.97,1.0
17.77,1.0
140.87,0.0
36.6,1.0
27.78,1.0
111.07,1.0
37.32,1.0
16.6,0.0
24.01,1.0
37.42,1.0
58.57,1.0
24.49,0.0
68.91,0.0
35.14,1.0
89.55,1.0
25.28,1.0
95.75,1.0
42.4,1.0
38.29,1.0
33.59,1.0
24.21,1.0
23.07,0.0
29.34,1.0
39.39,1.0
79.77,0.0
83.26,0.0
33.72,0.0
20.54,0.0
33.84,1.0
38.01,1.0
23.84,1.0
79.51,1.0
24.93,1.0
33.25,1.0
37.6,1.0
35.74,0.0
66.57,1.0
56.02,1.0
107.0,1.0
20.48,1.0
14.81,1.0
39.42,0.0
24.93,0.0
17.69,1.0
93.93,0.0
25.06,1.0
30.2,1.0
35.54,1.0
24.02,1.0
57.45,1.0
54.35,0.0
70.44,1.0
45.38,1.0
44.14,0.0
23.37,1.0
34.45,1.0
36.25,1.0
42.75,0.0
56.31,0.0
66.45,1.0
63.19,1.0
32.9,0.0
72.08,1.0
43.1,1.0
21.59,0.0
63.41,0.0
38.99,1.0
82.15,0.0
45.53,1.0
111.62,0.0
42.02,1.0
63.29,1.0
8.8,0.0
147.91,1.0
32.27,1.0
24.49,1.0
39.36,1.0
35.47,1.0
115.98,1.0
90.19,0.0
48.74,0.0
14.49,1.0
35.28,1.0
60.09,0.0
15.06,1.0
37.95,1.0
63.4,1.0
23.65,1.0
18.53,1.0
68.5,1.0
70.09,1.0
44.11,1.0
36.97,1.0
19.38,0.0
27.76,1.0
53.14,1.0
26.86,0.0
22.96,0.0
34.11,1.0
17.52,1.0
22.74,1.0
28.54,1.0
29.61,1.0
27.93,1.0
41.94,0.0
48.03,1.0
154.17,0.0
62.01,0.0
68.88,1.0
42.89,1.0
39.45,0.0
60.28,0.0
21.07,1.0
71.88,1.0
47.13,1.0
60.71,0.0
82.31,0.0
89.1,0.0
13.39,1.0
28.01,1.0
21.25,1.0
29.09,1.0
25.23,1.0
53.09,1.0
58.61,1.0
84.31,1.0
19.54,0.0
44.74,0.0
29.72,1.0
21.42,0.0
45.99,1.0
61.64,0.0
17.13,1.0
15.9,0.0
38.85,1.0
20.4,1.0
30.11,0.0
91.86,1.0
36.15,0.0
30.3,1.0
59.55,1.0
69.95,0.0
33.53,1.0
28.84,1.0
110.33,0.0
85.91,1.0
66.31,1.0
38.85,1.0
55.19,1.0
33.95,0.0
60.91,1.0
15.59,0.0
90.44,1.0
58.85,0.0
25.19,1.0
51.29,1.0
58.45,1.0
103.72,1.0
31.24,1.0
25.91,1.0
86.89,1.0
16.82,0.0
14.16,1.0
21.67,1.0
73.22,1.0
66.04,0.0
21.84,0.0
19.93,1.0
21.47,1.0
34.32,1.0
111.58,1.0
16.04,1.0
27.56,1.0
153.1,1.0
85.66,0.0
15.01,0.0
59.46,1.0
28.98,1.0
36.51,1.0
28.53,0.0
48.76,1.0
147.87,0.0
25.36,1.0
13.55,0.0
13.9,1.0
71.16,1.0
44.07,1.0
30.09,0.0
85.14,1.0
21.19,1.0
96.11,0.0
61.69,1.0
62.78,1.0
28.98,1.0
68.84,1.0
44.32,0.0
24.12,0.0
39.61,1.0
51.56,0.0
140.81,1.0
17.85,1.0
22.56,1.0
7.17,1.0
31.78,1.0
46.33,1.0
93.16,1.0
25.85,0.0
63.64,1.0
40.03,1.0
70.47,0.0
148.09,1.0
47.74,1.0
165.01,1.0
94.3,1.0
88.08,1.0
19.6,1.0
17.62,1.0
143.92,1.0
83.7,1.0
30.98,1.0
39.82,0.0
84.14,1.0
23.6,1.0
27.24,0.0
23.98,0.0
48.87,1.0
35.44,0.0
109.43,1.0
21.99,1.0
134.9,1.0
32.96,0.0
33.38,1.0
70.85,1.0
46.54,0.0
64.82,1.0
60.56,1.0
16.71,1.0
58.68,1.0
26.49,1.0
24.9,1.0
20.16,1.0
21.57,1.0
44.04,1.0
31.09,1.0
16.17,1.0
43.07,1.0
52.44,0.0
53.36,1.0
45.66,1.0
93.76,1.0
96.92,1.0
28.71,0.0
16.47,0.0
24.33,1.0
89.93,1.0
48.69,1.0
110.6,1.0
21.8,0.0
62.04,0.0
69.31,1.0
144.98,1.0
37.29,1.0
42.61,1.0
112.92,0.0
41.53,0.0
131.25,1.0
69.57,1.0
37.54,1.0
42.92,1.0
33.72,1.0
26.52,1.0
36.47,1.0
56.55,1.0
109.2,1.0
32.99,1.0
66.15,1.0
122.59,0.0
70.76,0.0
40.83,0.0
47.2,1.0
46.58,0.0
13.63,1.0
11.92,1.0
60.26,1.0
55.78,1.0
25.9,1.0
101.85,0.0
26.61,1.0
41.82,1.0
69.55,0.0
25.97,1.0
15.26,1.0
44.09,1.0
52.82,1.0
54.93,1.0
212.04,0.0
27.24,0.0
36.68,1.0
25.63,1.0
31.2,1.0
32.19,0.0
15.69,1.0
58.19,1.0
149.75,0.0
93.04,1.0
60.8,0.0
24.32,1.0
57.61,0.0
40.9,0.0
36.39,1.0
31.73,1.0
33.02,0.0
57.95,1.0
29.51,1.0
92.96,1.0
17.07,1.0
31.56,1.0
32.23,1.0
38.89,0.0
115.85,1.0
21.12,1.0
63.71,1.0
12.31,1.0
36.31,1.0
87.55,1.0
20.61,1.0
125.45,0.0
38.61,1.0
53.13,0.0
44.23,0.0
21.17,0.0
36.19,1.0
71.57,1.0
63.43,1.0
21.89,1.0
63.19,1.0
65.32,1.0
120.32,1.0
13.64,1.0
76.01,1.0
90.59,1.0
85.07,1.0
32.78,1.0
34.69,1.0
83.59,1.0
51.95,1.0
15.12,1.0
63.13,0.0
25.88,1.0
27.4,0.0
16.72,1.0
19.93,0.0
67.5,0.0
58.68,1.0
29.6,1.0
47.49,1.0
71.2,0.0
69.87,0.0
18.08,1.0
33.04,1.0
53.64,1.0
77.4,1.0
23.77,1.0
36.82,1.0
32.52,1.0
47.23,0.0
44.2,0.0
26.04,1.0
82.29,0.0
102.04,1.0
12.73,1.0
167.2,1.0
30.31,1.0
25.13,1.0
47.3,1.0
51.04,0.0
41.27,0.0
61.43,1.0
10.67,0.0
12.95,1.0
71.95,1.0
11.08,1.0
104.02,0.0
33.44,1.0
75.77,0.0
51.51,1.0
52.71,0.0
42.54,1.0
100.52,1.0
9.89,1.0
15.24,0.0
32.81,1.0
37.39,0.0
22.56,1.0
86.44,0.0
33.51,1.0
29.83,1.0
33.54,1.0
16.42,1.0
48.81,1.0
20.2,0.0
41.19,1.0
29.26,1.0
25.24,0.0
40.72,1.0
12.39,1.0
41.08,0.0
81.97,1.0
39.32,1.0
34.36,1.0
23.37,1.0
97.36,1.0
19.22,0.0
145.81,1.0
13.97,0.0
52.71,1.0
24.25,0.0
81.58,1.0
45.66,1.0
74.36,0.0
68.75,0.0
43.1,1.0
19.45,1.0
71.86,0.0
34.45,0.0
44.63,1.0
93.73,1.0
109.86,1.0
16.0,1.0
14.19,1.0
27.2,1.0
9.08,1.0
61.08,1.0
16.19,1.0
87.54,1.0
73.38,1.0
22.05,1.0
163.23,1.0
79.1,1.0
58.06,0.0
67.85,1.0
37.5,0.0
71.31,1.0
29.36,1.0
97.37,1.0
19.59,1.0
21.62,0.0
15.07,1.0
42.95,1.0
56.93,1.0
115.99,1.0
36.23,0.0
19.53,1.0
23.08,1.0
18.26,1.0
52.3,1.0
34.64,0.0
13.68,1.0
62.84,0.0
46.88,0.0
15.63,1.0
13.34,1.0
25.03,0.0
27.19,0.0
24.98,1.0
70.72,1.0
106.59,1.0
40.71,0.0
11.37,0.0
49.57,0.0
284.52,1.0
48.1,1.0
24.07,0.0
72.01,1.0
29.85,1.0
83.37,1.0
98.12,1.0
80.86,0.0
19.48,1.0
156.59,1.0
27.04,1.0
38.9,0.0
45.56,0.0
104.63,1.0
57.64,1.0
54.13,1.0
30.26,0.0
75.23,1.0
44.0,1.0
59.11,0.0
34.47,1.0
35.94,0.0
17.19,0.0
136.26,0.0
160.78,1.0
22.05,1.0
43.14,1.0
89.14,1.0
26.86,1.0
31.06,1.0
12.77,1.0
44.13,1.0
30.86,0.0
34.34,1.0
42.03,1.0
40.54,1.0
81.35,0.0
24.75,1.0
64.32,1.0
91.55,1.0
22.75,1.0
30.95,1.0
32.46,1.0
48.61,1.0
37.48,1.0
74.32,1.0
27.06,1.0
80.26,1.0
19.31,1.0
17.01,1.0
30.57,1.0
34.28,0.0
58.56,1.0
21.36,1.0
90.74,1.0
111.81,0.0
19.07,0.0
92.77,1.0
27.52,1.0
31.91,1.0
48.86,1.0
34.23,1.0
78.7,1.0
10.73,1.0
36.35,1.0
101.16,1.0
67.76,1.0
42.23,0.0
23.18,1.0
43.08,0.0
124.56,1.0
57.16,1.0
17.75,1.0
47.85,1.0
72.9,1.0
31.95,1.0
23.37,1.0
34.7,0.0
21.45,1.0
25.45,1.0
53.82,0.0
18.5,0.0
37.14,1.0
45.25,0.0
44.89,1.0
24.82,1.0
79.44,1.0
70.67,1.0
21.23,1.0
78.33,1.0
33.35,1.0
24.09,1.0
24.66,1.0
52.11,1.0
48.56,1.0
66.57,1.0
163.64,0.0
52.92,1.0
36.84,1.0
21.39,1.0
28.29,0.0
98.41,1.0
34.28,1.0
194.23,1.0
84.04,1.0
57.52,1.0
28.88,1.0
45.95,0.0
74.48,1.0
20.72,1.0
24.67,1.0
48.9,1.0
49.32,1.0
65.71,1.0
34.29,1.0
33.52,0.0
29.82,1.0
48.96,1.0
46.01,1.0
53.83,1.0
17.01,0.0
71.46,1.0
14.3,1.0
23.08,1.0
52.48,0.0
69.81,1.0
19.68,1.0
26.2,0.0
27.57,1.0
55.47,0.0
24.26,1.0
45.11,1.0
18.55,1.0
32.43,1.0
74.58,1.0
31.75,1.0
45.81,1.0
26.65,1.0
70.43,0.0
18.81,1.0
47.51,1.0
51.6,0.0
99.43,1.0
64.98,1.0
37.81,0.0
40.48,1.0
63.6,1.0
88.77,1.0
36.05,0.0
74.67,1.0
58.75,1.0
45.92,1.0
21.35,1.0
65.0,1.0
14.12,1.0
54.95,1.0
30.3,1.0
33.07,1.0
25.48,1.0
81.82,1.0
57.32,1.0
52.55,1.0
31.26,1.0
47.91,1.0
75.37,0.0
19.13,1.0
34.59,1.0
33.12,1.0
18.87,1.0
22.01,1.0
18.95,1.0
30.72,1.0
35.75,1.0
58.68,1.0
53.61,1.0
17.09,1.0
93.03,1.0
42.09,0.0
26.05,0.0
25.29,1.0
50.43,1.0
35.34,1.0
53.68,0.0
56.37,1.0
20.18,1.0
110.45,1.0
45.28,0.0
49.77,1.0
118.54,1.0
81.37,0.0
53.38,0.0
27.58,1.0
25.29,1.0
157.34,0.0
137.39,1.0
31.75,1.0
42.91,1.0
85.59,1.0
67.41,0.0
46.77,1.0
150.21,0.0
33.71,0.0
36.53,1.0
36.79,1.0
19.06,1.0
22.16,1.0
69.89,1.0
45.97,0.0
58.82,1.0
73.53,1.0
34.93,0.0
51.05,1.0
65.85,1.0
72.51,1.0
39.27,1.0
32.1,1.0
22.7,1.0
15.38,1.0
54.64,0.0
39.73,0.0
16.15,0.0
21.58,1.0
79.93,0.0
13.96,1.0
18.62,1.0
101.7,1.0
70.47,0.0
52.95,0.0
68.38,1.0
20.9,1.0
23.35,1.0
34.72,1.0
55.67,1.0
108.23,1.0
83.81,1.0
33.76,0.0
71.54,0.0
58.62,1.0
35.24,0.0
39.64,1.0
67.74,0.0
125.72,1.0
180.59,1.0
30.94,1.0
61.01,1.0
23.66,1.0
91.74,1.0
28.58,0.0
53.05,1.0
37.23,1.0
39.8,1.0
179.2,1.0
40.03,0.0
81.81,1.0
20.85,1.0
25.73,0.0
58.77,1.0
13.76,0.0
35.1,1.0
66.51,1.0
25.01,1.0
37.69,0.0
52.23,1.0
135.01,0.0
44.52,1.0
12.46,0.0
56.18,1.0
40.77,0.0
109.88,0.0
56.36,1.0
121.08,0.0
88.74,1.0
29.23,0.0
57.89,1.0
47.06,1.0
50.6,1.0
27.07,1.0
47.5,1.0
159.56,0.0
13.98,1.0
44.44,1.0
19.19,1.0
211.83,0.0
38.03,1.0
44.32,0.0
36.96,1.0
50.07,1.0
32.23,1.0
26.76,1.0
56.36,1.0
51.32,1.0
101.04,1.0
32.28,0.0
48.03,1.0
81.0,1.0
33.48,1.0
31.74,1.0
49.28,1.0
23.4,1.0
29.02,1.0
16.69,1.0
79.94,1.0
30.26,0.0
54.6,1.0
20.76,0.0
107.12,1.0
80.76,1.0
50.09,1.0
24.56,1.0
23.22,0.0
38.41,1.0
16.81,1.0
17.85,0.0
21.5,0.0
44.65,1.0
32.97,1.0
101.76,1.0
92.71,1.0
38.47,0.0
75.74,1.0
29.13,1.0
48.62,0.0
30.34,1.0
108.83,0.0
35.34,1.0
37.99,1.0
21.77,0.0
6.9,1.0
14.71,0.0
114.13,0.0
62.59,1.0
97.05,0.0
125.24,0.0
33.53,0.0
43.81,1.0
54.21,1.0
27.21,1.0
84.95,1.0
36.51,1.0
15.83,0.0
13.81,1.0
81.81,0.0
73.65,0.0
16.23,1.0
66.91,1.0
18.13,0.0
26.86,1.0
26.74,1.0
55.68,1.0
28.93,0.0
51.99,1.0
91.45,1.0
57.61,0.0
22.69,1.0
11.07,0.0
17.44,1.0
29.38,1.0
41.74,0.0
38.76,1.0
155.72,1.0
26.41,1.0
29.74,1.0
25.33,1.0
69.42,1.0
31.65,0.0
23.53,1.0
41.46,1.0
52.41,1.0
49.55,1.0
39.66,1.0
18.06,0.0
40.77,1.0
27.95,1.0
23.89,1.0
31.48,0.0
17.65,0.0
40.86,1.0
52.53,0.0
115.02,1.0
81.53,1.0
95.17,0.0
107.36,0.0
46.92,0.0
65.83,1.0
38.88,1.0
21.97,1.0
56.27,0.0
66.34,1.0
31.11,1.0
41.79,1.0
40.65,1.0
37.75,1.0
61.61,0.0
28.61,1.0
35.82,1.0
32.17,1.0
21.94,1.0
89.16,1.0
52.03,0.0
43.34,0.0
72.12,0.0
72.56,1.0
31.23,1.0
13.97,1.0
31.12,1.0
14.52,1.0
62.52,0.0
34.24,1.0
52.48,0.0
18.53,1.0
38.15,0.0
95.69,0.0
213.87,1.0
13.43,1.0
31.13,1.0
21.5,1.0
101.71,0.0
20.25,1.0
67.24,1.0
39.98,1.0
26.82,1.0
25.83,1.0
30.48,1.0
25.23,1.0
17.42,1.0
11.41,1.0
22.51,1.0
33.87,0.0
15.13,1.0
27.87,0.0
95.21,0.0
120.17,0.0
93.52,1.0
65.59,1.0
23.28,1.0
41.26,1.0
21.37,1.0
32.3,1.0
53.68,1.0
41.91,1.0
30.5,1.0
55.7,1.0
50.45,1.0
34.82,1.0
34.23,0.0
18.01,0.0
124.08,1.0
178.54,1.0
51.04,0.0
37.38,0.0
70.43,1.0
137.37,1.0
45.43,1.0
114.58,0.0
34.39,1.0
81.83,1.0
49.27,1.0
34.93,1.0
7.61,1.0
45.8,0.0
84.18,1.0
45.13,1.0
119.51,0.0
38.08,1.0
78.25,0.0
71.62,0.0
14.57,1.0
22.68,1.0
37.7,1.0
27.3,1.0
48.15,1.0
14.87,0.0
39.09,1.0
23.18,0.0
92.47,0.0
30.58,1.0
35.16,1.0
40.4,1.0
26.05,1.0
77.68,1.0
85.07,1.0
34.48,1.0
36.39,0.0
76.53,1.0
19.85,1.0
74.47,1.0
26.51,0.0
32.55,1.0
65.39,1.0
19.97,1.0
42.16,1.0
51.0,1.0
19.8,1.0
20.89,1.0
25.08,1.0
15.92,1.0
44.92,1.0
20.1,1.0
22.39,0.0
75.88,0.0
130.66,0.0
53.0,1.0
20.34,1.0
29.67,1.0
100.0,1.0
61.14,1.0
131.43,0.0
66.8,1.0
66.27,1.0
30.05,1.0
25.26,1.0
19.51,0.0
12.08,1.0
17.49,1.0
75.62,0.0
43.18,1.0
39.26,1.0
45.99,1.0
21.97,1.0
62.36,1.0
59.07,1.0
30.92,1.0
18.76,1.0
26.0,1.0
23.21,1.0
37.71,1.0
27.82,1.0
34.14,1.0
26.54,1.0
61.31,0.0
71.4,1.0
37.28,0.0
33.27,0.0
47.62,1.0
44.5,1.0
35.24,1.0
42.03,1.0
35.89,1.0
72.59,1.0
30.58,1.0
59.91,1.0
32.49,1.0
26.17,1.0
39.77,1.0
36.2,1.0
22.98,1.0
19.95,1.0
32.43,0.0
22.86,1.0
22.6,1.0
44.26,0.0
103.28,1.0
37.73,1.0
40.2,1.0
68.38,1.0
84.78,1.0
48.6,1.0
54.35,1.0
42.92,1.0
39.16,1.0
34.59,1.0
114.74,1.0
80.49,1.0
25.34,0.0
42.7,1.0
57.97,0.0
29.39,0.0
52.59,1.0
38.94,1.0
9.04,1.0
62.58,1.0
29.63,1.0
14.62,1.0
44.63,1.0
32.74,0.0
47.15,1.0
78.66,1.0
142.73,0.0
44.71,1.0
54.32,1.0
24.31,1.0
95.17,0.0
38.0,1.0
47.09,0.0
26.94,1.0
56.33,1.0
59.35,1.0
52.5,1.0
61.22,1.0
55.65,0.0
60.86,0.0
32.82,1.0
32.34,1.0
18.71,1.0
40.03,1.0
61.41,1.0
16.04,1.0
35.47,1.0
67.64,0.0
27.21,1.0
43.18,1.0
25.38,1.0
20.48,1.0
50.01,0.0
45.36,1.0
18.1,0.0
141.03,1.0
89.08,1.0
58.59,0.0
137.58,1.0
39.18,1.0
37.07,1.0
34.84,1.0
67.03,1.0
62.51,0.0
15.03,1.0
94.61,0.0
67.34,1.0
80.53,1.0
35.04,1.0
25.61,0.0
35.79,0.0
73.91,0.0
40.65,0.0
94.25,1.0
48.35,0.0
21.55,1.0
21.66,1.0
93.23,1.0
24.92,1.0
62.79,0.0
106.47,1.0
47.99,0.0
68.8,0.0
12.34,1.0
46.94,1.0
78.01,1.0
35.71,1.0
18.98,1.0
35.01,1.0
39.97,0.0
44.62,1.0
191.91,1.0
81.43,1.0
88.63,1.0
30.71,1.0
97.48,1.0
13.25,1.0
33.14,1.0
75.02,1.0
21.69,1.0
57.53,1.0
22.77,1.0
51.95,1.0
52.41,1.0
46.82,1.0
134.55,1.0
78.73,0.0
43.48,1.0
26.52,1.0
58.33,1.0
14.84,1.0
28.55,0.0
19.89,1.0
21.52,1.0
12.31,1.0
84.76,1.0
86.66,1.0
27.32,1.0
39.75,1.0
29.87,1.0
16.74,1.0
69.37,1.0
62.58,1.0
14.51,1.0
179.74,0.0
58.2,1.0
50.32,0.0
55.33,0.0
57.85,0.0
215.92,1.0
48.96,1.0
49.5,0.0
47.33,1.0
31.33,1.0
45.65,0.0
59.03,1.0
74.25,1.0
43.08,1.0
28.01,1.0
42.1,1.0
31.32,0.0
36.95,1.0
50.58,1.0
98.67,1.0
13.93,1.0
43.16,1.0
23.45,1.0
38.36,1.0
48.8,1.0
42.72,0.0
86.89,1.0
50.75,1.0
26.97,1.0
114.99,0.0
35.42,1.0
32.01,1.0
32.85,1.0
27.57,1.0
172.14,1.0
32.46,1.0
23.52,1.0
17.94,1.0
105.69,1.0
55.35,0.0
26.66,1.0
37.34,1.0
33.34,1.0
12.56,1.0
94.44,1.0
27.84,1.0
70.46,0.0
63.98,1.0
38.6,1.0
43.85,0.0
60.61,1.0
34.01,0.0
67.44,1.0
100.92,0.0
22.67,1.0
29.55,1.0
43.16,1.0
38.72,1.0
67.39,0.0
27.27,1.0
56.29,1.0
50.78,0.0
125.48,1.0
21.57,1.0
87.27,1.0
34.58,1.0
27.53,1.0
54.08,1.0
48.47,0.0
11.46,0.0
48.36,1.0
23.14,1.0
35.25,0.0
34.79,0.0
84.35,0.0
7.59,1.0
64.64,1.0
14.95,1.0
68.46,0.0
36.84,1.0
36.45,1.0
32.19,1.0
24.68,0.0
20.42,1.0
66.37,1.0
20.92,1.0
50.99,1.0
49.15,1.0
37.64,1.0
25.81,0.0
134.35,0.0
34.22,0.0
27.67,1.0
149.25,1.0
20.6,1.0
22.17,0.0
20.31,1.0
82.47,0.0
38.13,1.0
44.02,1.0
32.81,0.0
32.96,0.0
44.92,1.0
37.37,1.0
43.76,0.0
24.19,0.0
33.84,0.0
56.17,1.0
42.56,1.0
27.76,0.0
123.04,0.0
44.1,1.0
43.41,0.0
43.3,1.0
119.04,0.0
40.45,1.0
42.59,1.0
35.99,0.0
44.08,1.0
50.29,1.0
97.04,0.0
26.06,1.0
50.34,1.0
59.44,1.0
68.34,1.0
20.83,1.0
71.16,1.0
44.78,1.0
30.37,1.0
152.92,1.0
20.89,0.0
27.42,1.0
83.83,1.0
131.85,1.0
42.12,0.0
50.55,0.0
47.15,1.0
51.66,0.0
16.56,1.0
186.9,1.0
73.53,1.0
30.08,0.0
41.42,1.0
43.39,1.0
134.65,0.0
18.85,0.0
68.02,1.0
38.3,1.0
42.31,1.0
77.56,1.0
39.99,1.0
30.07,1.0
23.7,0.0
27.78,0.0
35.85,1.0
25.06,1.0
44.1,1.0
72.63,1.0
57.37,0.0
20.33,1.0
183.52,0.0
36.68,1.0
44.56,1.0
18.57,0.0
36.22,0.0
67.01,0.0
27.99,0.0
14.28,1.0
28.88,1.0
57.05,0.0
51.81,0.0
21.04,0.0
37.28,1.0
25.34,0.0
38.18,0.0
13.67,1.0
91.48,1.0
69.84,1.0
83.16,1.0
60.44,1.0
29.45,0.0
30.08,0.0
23.69,1.0
74.29,1.0
29.02,1.0
42.35,0.0
27.23,1.0
21.82,1.0
133.15,1.0
15.09,1.0
14.59,1.0
94.8,0.0
65.14,1.0
54.46,1.0
23.7,1.0
63.77,0.0
34.31,1.0
36.75,1.0
29.68,1.0
25.65,1.0
15.12,1.0
35.44,1.0
86.26,1.0
40.78,1.0
93.07,1.0
29.13,1.0
47.01,1.0
87.0,1.0
24.03,1.0
90.73,1.0
47.86,1.0
33.43,0.0
16.53,1.0
68.34,1.0
37.92,1.0
76.36,1.0
95.61,1.0
59.01,1.0
54.39,0.0
42.33,0.0
55.41,1.0
21.69,0.0
17.34,1.0
38.33,0.0
15.83,0.0
17.5,1.0
19.02,0.0
33.63,0.0
71.06,1.0
41.58,0.0
25.66,1.0
38.76,0.0
69.15,1.0
76.97,1.0
24.9,1.0
30.79,0.0
44.87,1.0
20.68,0.0
31.4,1.0
31.53,1.0
30.0,1.0
26.58,1.0
46.53,1.0
121.61,1.0
41.75,1.0
109.17,0.0
14.17,1.0
27.39,1.0
58.02,1.0
58.35,1.0
29.32,0.0
52.95,1.0
43.7,1.0
72.87,1.0
71.04,1.0
62.88,1.0
62.76,1.0
34.7,1.0
111.74,0.0
31.22,1.0
114.43,0.0
100.19,0.0
63.77,1.0
40.69,1.0
23.8,1.0
51.14,1.0
32.36,0.0
38.22,1.0
38.47,1.0
27.86,0.0
37.32,1.0
24.97,1.0
97.82,1.0
100.78,0.0
73.82,1.0
15.36,1.0
38.65,0.0
37.15,0.0
19.42,1.0
23.2,1.0
108.97,1.0
34.35,1.0
76.29,0.0
75.96,1.0
17.77,1.0
48.68,1.0
82.44,1.0
18.31,0.0
39.93,0.0
19.1,0.0
72.59,0.0
35.16,1.0
14.97,1.0
17.71,0.0
86.17,0.0
9.51,0.0
43.61,1.0
25.24,1.0
75.8,1.0
64.6,0.0
110.37,1.0
17.61,0.0
18.43,1.0
31.75,1.0
36.26,1.0
20.5,1.0
49.13,1.0
42.99,0.0
62.3,0.0
131.1,1.0
50.93,1.0
81.9,1.0
28.95,1.0
20.0,1.0
19.84,1.0
86.6,1.0
24.01,0.0
66.11,0.0
56.1,1.0
29.89,1.0
107.27,1.0
23.88,0.0
137.1,1.0
53.62,1.0
127.66,1.0
31.33,1.0
32.32,1.0
43.91,1.0
73.86,0.0
85.62,1.0
51.12,0.0
57.67,1.0
38.46,1.0
28.02,1.0
62.65,1.0
23.03,0.0
18.81,1.0
104.71,1.0
74.34,1.0
23.53,1.0
85.81,1.0
92.59,0.0
58.88,0.0
43.76,1.0
26.01,1.0
11.35,0.0
59.58,1.0
138.22,1.0
12.27,1.0
37.61,1.0
88.41,1.0
101.73,1.0
35.98,1.0
37.75,1.0
49.42,0.0
17.4,0.0
18.15,0.0
10.58,1.0
23.89,1.0
65.09,1.0
103.96,1.0
67.19,1.0
80.56,1.0
20.57,1.0
21.75,1.0
11.34,0.0
33.81,1.0
22.35,1.0
34.63,0.0
38.94,1.0
37.55,1.0
44.59,0.0
56.4,1.0
45.95,0.0
27.27,1.0
95.64,0.0
33.86,1.0
26.75,0.0
71.52,1.0
45.7,1.0
40.92,1.0
33.51,1.0
29.99,1.0
66.23,0.0
104.35,1.0
118.27,0.0
10.19,1.0
9.0,1.0
31.53,0.0
32.15,1.0
55.39,1.0
51.5,1.0
31.47,1.0
55.86,1.0
26.1,1.0
37.06,1.0
52.05,1.0
12.29,1.0
32.74,0.0
26.54,0.0
41.31,1.0
34.12,1.0
38.15,0.0
56.87,1.0
30.32,0.0
58.36,1.0
25.63,1.0
12.33,0.0
57.18,1.0
28.36,1.0
13.93,0.0
20.79,1.0
38.97,0.0
101.1,1.0
18.57,1.0
36.49,1.0
24.18,0.0
28.17,1.0
34.2,0.0
49.67,0.0
126.43,0.0
36.13,1.0
45.65,1.0
125.94,0.0
50.82,1.0
36.06,1.0
64.8,1.0
25.4,1.0
123.36,1.0
37.88,1.0
29.66,1.0
41.6,0.0
112.08,1.0
15.29,0.0
57.01,0.0
30.77,1.0
42.39,1.0
97.67,0.0
89.94,1.0
30.43,0.0
38.22,1.0
26.49,0.0
53.96,0.0
62.62,0.0
174.67,1.0
33.87,1.0
82.12,1.0
42.71,1.0
43.6,0.0
43.61,1.0
24.13,1.0
17.18,1.0
41.85,1.0
30.32,0.0
43.29,0.0
28.96,0.0
37.58,1.0
79.0,0.0
84.39,0.0
60.47,0.0
15.64,0.0
26.61,1.0
21.81,1.0
57.19,0.0
29.95,1.0
61.86,1.0
117.47,0.0
78.5,1.0
86.77,1.0
55.76,0.0
87.55,0.0
54.34,1.0
14.72,1.0
41.16,1.0
23.14,1.0
24.48,0.0
15.86,1.0
69.52,1.0
30.17,1.0
41.49,1.0
9.03,0.0
32.65,1.0
42.5,1.0
49.35,1.0
24.58,1.0
56.03,1.0
35.02,1.0
17.93,1.0
104.7,1.0
27.49,1.0
25.17,1.0
54.52,1.0
29.08,0.0
55.35,1.0
64.52,1.0
34.36,1.0
36.02,1.0
17.5,1.0
55.15,1.0
68.16,1.0
35.14,1.0
14.82,1.0
23.06,1.0
21.89,1.0
21.27,1.0
27.33,1.0
28.31,0.0
41.39,1.0
73.83,1.0
32.11,1.0
31.47,1.0
42.84,0.0
112.7,1.0
13.75,1.0
76.46,1.0
66.94,0.0
79.94,1.0
65.97,1.0
34.02,1.0
21.98,1.0
38.46,1.0
54.53,1.0
17.13,1.0
20.34,1.0
30.55,1.0
107.22,1.0
79.75,0.0
23.59,1.0
78.6,0.0
24.16,1.0
62.16,1.0
56.98,1.0
174.0,1.0
40.59,1.0
42.1,1.0
34.61,1.0
19.18,0.0
39.98,0.0
97.51,0.0
23.46,1.0
31.73,1.0
37.22,1.0
11.92,0.0
87.05,1.0
60.15,1.0
19.09,0.0
12.14,1.0
34.48,1.0
15.7,1.0
37.18,0.0
40.98,1.0
40.91,1.0
114.5,0.0
23.45,1.0
32.45,0.0
46.19,1.0
24.2,1.0
39.21,1.0
28.4,1.0
96.85,1.0
17.43,1.0
17.08,1.0
21.51,0.0
20.83,0.0
17.1,1.0
21.2,1.0
36.96,0.0
30.74,0.0
110.39,1.0
52.47,1.0
55.22,1.0
28.57,1.0
45.72,1.0
46.13,1.0
30.89,1.0
33.34,1.0
66.7,1.0
56.64,1.0
77.86,1.0
58.12,0.0
41.41,1.0
25.22,1.0
17.8,1.0
24.37,1.0
17.34,1.0
24.41,1.0
16.74,0.0
91.48,1.0
25.65,1.0
39.15,1.0
41.25,1.0
23.61,0.0
97.95,1.0
34.05,0.0
21.01,1.0
35.6,0.0
223.26,0.0
33.68,1.0
23.3,1.0
15.47,1.0
218.68,1.0
56.45,1.0
50.92,1.0
27.93,0.0
58.21,0.0
20.29,1.0
34.38,1.0
36.37,1.0
18.28,1.0
33.54,1.0
169.29,1.0
52.84,1.0
22.59,1.0
29.4,0.0
21.97,0.0
50.86,1.0
32.12,1.0
131.16,0.0
37.4,1.0
30.39,1.0
66.43,1.0
58.06,1.0
43.67,1.0
61.83,1.0
23.72,1.0
96.98,1.0
31.98,1.0
91.44,1.0
43.48,1.0
45.75,0.0
94.3,1.0
37.6,1.0
67.33,1.0
94.5,1.0
37.86,1.0
66.65,0.0
70.71,0.0
35.96,1.0
24.88,0.0
43.89,1.0
18.24,1.0
165.99,1.0
32.59,1.0
25.31,1.0
20.05,1.0
102.31,1.0
14.71,1.0
34.18,0.0
28.59,1.0
47.43,1.0
17.34,1.0
32.63,1.0
19.05,1.0
47.18,1.0
77.25,1.0
117.92,0.0
34.51,1.0
12.46,1.0
63.26,1.0
49.4,1.0
90.98,1.0
35.55,0.0
37.32,1.0
30.49,1.0
56.92,0.0
61.78,1.0
51.08,1.0
77.54,1.0
49.65,1.0
79.97,1.0
51.81,0.0
56.8,1.0
37.19,1.0
30.25,1.0
18.89,1.0
45.08,1.0
29.6,1.0
52.53,1.0
49.54,1.0
22.47,1.0
34.31,1.0
17.33,1.0
112.18,1.0
45.58,1.0
35.85,0.0
11.15,1.0
31.66,1.0
68.93,1.0
164.91,1.0
28.66,1.0
59.74,0.0
23.19,0.0
33.25,0.0
13.42,0.0
33.61,1.0
43.13,1.0
69.57,1.0
16.78,1.0
28.55,1.0
20.64,1.0
79.41,1.0
36.13,1.0
66.96,0.0
65.17,1.0
44.65,1.0
54.51,1.0
92.94,1.0
11.29,1.0
32.43,0.0
38.81,1.0
14.46,1.0
25.54,1.0
49.45,1.0
11.79,1.0
36.71,1.0
31.64,1.0
35.51,0.0
38.35,1.0
18.0,1.0
15.25,1.0
102.26,1.0
48.05,1.0
20.63,1.0
22.17,1.0
49.36,1.0
60.55,1.0
19.13,1.0
14.1,1.0
55.73,1.0
39.49,1.0
76.46,1.0
27.27,1.0
38.45,1.0
27.75,1.0
22.76,1.0
25.5,1.0
15.74,1.0
16.81,0.0
75.8,1.0
90.16,0.0
31.85,1.0
36.77,0.0
23.78,1.0
17.39,1.0
34.54,1.0
41.99,1.0
26.7,0.0
56.13,1.0
51.8,0.0
84.84,0.0
22.99,1.0
37.88,1.0
113.32,1.0
15.49,1.0
84.1,1.0
58.53,1.0
28.24,1.0
62.35,1.0
119.05,1.0
33.11,1.0
37.51,0.0
77.23,1.0
63.7,1.0
85.96,1.0
20.39,1.0
80.55,0.0
43.78,1.0
17.37,1.0
23.96,1.0
42.12,1.0
42.38,0.0
91.36,1.0
52.07,1.0
54.5,1.0
82.91,0.0
42.48,1.0
55.62,1.0
76.86,0.0
25.73,1.0
63.88,0.0
34.22,1.0
168.19,0.0
21.04,1.0
52.21,1.0
52.12,1.0
39.22,1.0
32.85,0.0
49.52,1.0
49.47,1.0
44.9,1.0
50.64,1.0
18.39,1.0
43.07,0.0
9.47,0.0
52.0,1.0
26.21,0.0
38.26,1.0
42.97,1.0
34.59,1.0
38.68,0.0
90.25,1.0
27.87,1.0
56.81,1.0
28.53,1.0
92.95,1.0
45.34,1.0
48.68,0.0
30.77,1.0
15.44,1.0
48.24,1.0
54.73,0.0
55.24,1.0
27.27,0.0
25.23,1.0
20.58,1.0
26.45,1.0
103.68,1.0
88.6,1.0
46.75,1.0
26.81,1.0
25.21,1.0
33.81,1.0
99.83,1.0
14.59,0.0
6.25,1.0
30.79,1.0
55.14,1.0
81.09,1.0
17.9,1.0
46.01,1.0
22.49,0.0
57.94,1.0
71.3,0.0
13.09,0.0
20.49,1.0
18.28,1.0
50.55,1.0
46.09,1.0
29.78,1.0
42.02,1.0
29.99,1.0
51.14,1.0
45.55,1.0
28.64,0.0
24.68,1.0
41.29,1.0
20.4,1.0
34.32,1.0
37.11,0.0
47.91,0.0
9.64,1.0
80.66,1.0
30.65,1.0
138.11,1.0
38.31,1.0
20.18,1.0
34.26,1.0
68.54,1.0
40.97,1.0
47.34,0.0
20.97,0.0
67.13,1.0
91.86,0.0
18.57,1.0
93.49,1.0
44.24,1.0
26.64,0.0
34.89,1.0
63.87,1.0
34.03,0.0
16.37,1.0
36.0,1.0
30.02,1.0
31.02,1.0
64.37,1.0
34.2,1.0
73.89,1.0
27.6,1.0
40.05,1.0
12.62,0.0
32.49,1.0
66.94,0.0
58.26,1.0
24.18,0.0
41.78,0.0
45.99,0.0
45.06,1.0
18.33,1.0
21.11,1.0
22.88,1.0
22.97,0.0
20.56,1.0
24.78,1.0
13.16,1.0
67.49,0.0
38.96,1.0
45.51,1.0
29.33,1.0
30.15,1.0
130.97,1.0
19.1,1.0
29.15,1.0
28.65,1.0
53.76,0.0
53.78,0.0
28.94,0.0
94.97,1.0
28.0,1.0
43.18,0.0
17.52,0.0
26.07,1.0
17.45,0.0
86.9,0.0
68.62,1.0
44.95,1.0
58.24,1.0
20.32,0.0
25.98,1.0
22.13,1.0
41.87,1.0
107.82,1.0
13.73,1.0
25.22,1.0
41.9,1.0
36.36,0.0
60.29,1.0
46.78,1.0
112.56,1.0
48.12,0.0
37.71,1.0
58.04,1.0
89.92,1.0
100.14,0.0
37.77,0.0
22.93,0.0
42.16,0.0
26.94,1.0
43.57,1.0
27.41,1.0
20.65,1.0
73.35,0.0
11.71,1.0
37.61,1.0
22.1,0.0
66.38,1.0
28.69,1.0
15.41,1.0
36.33,1.0
30.82,1.0
29.97,0.0
50.48,0.0
92.49,1.0
13.63,0.0
97.95,0.0
144.52,0.0
72.08,1.0
86.59,1.0
6.7,1.0
23.78,1.0
40.68,1.0
40.06,1.0
38.4,1.0
60.63,1.0
73.05,1.0
40.09,1.0
105.52,1.0
84.72,1.0
26.39,1.0
21.7,0.0
40.76,1.0
30.34,1.0
108.42,1.0
40.04,1.0
47.31,1.0
63.85,0.0
42.05,1.0
35.42,0.0
103.56,1.0
77.78,0.0
61.61,1.0
125.32,1.0
15.43,1.0
34.43,1.0
25.54,1.0
45.23,1.0
68.49,1.0
83.17,1.0
29.1,1.0
80.78,1.0
59.59,1.0
128.97,1.0
30.6,0.0
73.87,1.0
16.88,0.0
53.48,1.0
70.87,1.0
20.93,1.0
30.21,1.0
44.09,1.0
40.12,1.0
28.55,1.0
62.01,0.0
57.76,1.0
12.34,1.0
43.11,1.0
62.09,0.0
67.08,0.0
19.99,1.0
38.95,0.0
21.78,1.0
17.63,1.0
39.24,1.0
157.41,1.0
93.62,0.0
55.48,0.0
20.05,1.0
54.69,1.0
42.74,1.0
58.18,1.0
106.72,1.0
88.48,0.0
47.85,1.0
20.96,1.0
16.1,1.0
125.5,1.0
77.8,0.0
16.57,1.0
14.9,0.0
29.28,1.0
75.35,1.0
16.42,1.0
44.93,1.0
25.68,1.0
15.17,1.0
49.21,1.0
110.49,1.0
98.64,1.0
21.5,1.0
80.63,0.0
58.09,1.0
58.08,0.0
87.99,0.0
19.89,1.0
25.22,1.0
22.26,1.0
32.43,1.0
37.91,0.0
22.82,1.0
19.78,1.0
63.93,0.0
90.35,1.0
51.56,0.0
24.95,1.0
13.41,1.0
96.45,0.0
44.47,1.0
27.19,1.0
56.81,0.0
15.15,0.0
50.79,0.0
76.65,0.0
93.59,1.0
73.9,0.0
89.8,1.0
13.65,0.0
25.78,0.0
19.43,0.0
100.27,0.0
14.78,1.0
43.52,1.0
21.5,1.0
38.44,1.0
16.61,1.0
129.92,1.0
33.67,1.0
166.75,1.0
22.22,1.0
44.51,1.0
74.05,1.0
24.39,0.0
24.41,0.0
51.04,1.0
37.71,0.0
31.87,1.0
15.58,0.0
72.37,1.0
72.09,1.0
64.58,0.0
25.0,1.0
48.34,1.0
40.29,1.0
35.77,0.0
27.82,0.0
23.13,0.0
87.13,0.0
61.17,1.0
85.1,1.0
41.35,0.0
32.23,0.0
28.92,0.0
59.52,1.0
36.58,1.0
13.91,1.0
45.55,1.0
64.51,1.0
59.66,0.0
69.6,0.0
71.95,0.0
32.15,1.0
51.34,1.0
59.22,1.0
157.86,1.0
16.92,0.0
14.35,0.0
68.26,1.0
109.78,1.0
187.23,1.0
27.49,0.0
13.99,0.0
44.69,1.0
63.67,1.0
27.9,0.0
18.52,1.0
42.62,1.0
24.9,1.0
173.28,1.0
48.89,1.0
71.47,0.0
44.39,1.0
17.63,1.0
58.25,1.0
35.27,1.0
35.39,0.0
37.72,1.0
15.02,1.0
76.96,0.0
41.43,1.0
13.52,1.0
57.16,0.0
194.98,1.0
24.48,1.0
112.34,1.0
75.59,1.0
116.04,1.0
57.41,1.0
90.71,1.0
70.72,1.0
30.1,1.0
23.87,0.0
38.21,1.0
27.53,1.0
136.15,1.0
63.53,1.0
24.78,1.0
43.4,1.0
31.45,1.0
87.72,1.0
70.57,1.0
51.14,1.0
54.3,1.0
24.18,1.0
106.97,1.0
36.58,1.0
77.86,1.0
33.36,1.0
88.91,0.0
59.24,1.0
24.29,1.0
23.99,1.0
63.73,1.0
131.69,1.0
13.03,1.0
107.82,1.0
28.28,1.0
25.4,0.0
39.09,1.0
32.77,1.0
40.49,0.0
62.39,1.0
45.95,1.0
125.98,1.0
60.26,1.0
18.34,0.0
15.96,0.0
23.11,0.0
67.04,1.0
66.04,0.0
70.65,0.0
9.8,1.0
56.11,0.0
25.87,0.0
51.23,0.0
47.45,1.0
93.63,0.0
35.75,1.0
40.57,1.0
49.74,0.0
68.75,1.0
44.16,1.0
79.24,1.0
42.47,1.0
36.72,1.0
99.91,1.0
65.44,1.0
41.39,1.0
39.5,1.0
34.1,0.0
83.11,1.0
58.79,0.0
19.6,1.0
35.65,1.0
20.83,0.0
55.15,1.0
41.45,0.0
27.56,1.0
22.45,1.0
30.87,0.0
46.59,1.0
62.33,0.0
42.17,0.0
70.36,1.0
75.94,0.0
48.88,0.0
84.2,1.0
22.37,1.0
21.09,0.0
56.62,0.0
40.32,1.0
24.8,1.0
59.02,1.0
25.04,1.0
11.34,1.0
48.89,1.0
76.64,1.0
11.52,1.0
38.02,1.0
29.1,0.0
55.52,1.0
39.08,0.0
59.75,1.0
26.71,1.0
59.46,0.0
89.14,0.0
21.51,1.0
25.59,1.0
32.35,1.0
49.93,0.0
80.86,1.0
66.95,1.0
54.51,1.0
31.04,1.0
62.18,1.0
88.47,1.0
96.49,1.0
14.45,1.0
138.71,0.0
24.95,1.0
46.59,1.0
37.22,0.0
71.09,1.0
20.21,1.0
82.38,1.0
36.12,1.0
62.2,1.0
28.08,1.0
26.98,1.0
31.14,0.0
66.82,0.0
121.48,1.0
34.39,1.0
84.57,0.0
43.81,1.0
23.83,1.0
79.52,1.0
64.75,0.0
30.72,1.0
36.39,0.0
68.37,1.0
72.34,0.0
44.05,1.0
26.23,1.0
60.65,1.0
23.44,1.0
19.95,1.0
64.92,1.0
81.32,1.0
68.09,1.0
19.9,1.0
26.2,0.0
44.55,1.0
32.6,0.0
82.47,1.0
55.7,1.0
45.67,1.0
75.03,1.0
36.93,1.0
25.55,1.0
109.33,1.0
38.15,0.0
17.63,1.0
101.1,0.0
61.11,0.0
38.85,1.0
35.2,1.0
41.58,1.0
29.24,1.0
32.32,1.0
27.61,1.0
33.54,1.0
20.67,0.0
92.33,1.0
66.04,1.0
27.16,1.0
30.45,0.0
11.28,0.0
58.09,1.0
69.8,1.0
22.58,1.0
22.9,0.0
43.81,1.0
130.08,0.0
14.16,1.0
47.69,0.0
76.63,1.0
23.04,0.0
44.44,1.0
85.02,1.0
63.52,1.0
55.52,0.0
12.19,1.0
135.97,1.0
37.76,0.0
117.97,1.0
50.5,1.0
71.86,1.0
45.58,0.0
13.69,1.0
33.09,1.0
7.89,0.0
29.19,0.0
25.09,1.0
17.72,1.0
40.87,1.0
24.2,1.0
37.32,0.0
73.64,1.0
49.95,1.0
126.31,1.0
42.12,1.0
25.35,1.0
29.81,1.0
45.09,1.0
80.59,1.0
16.29,1.0
43.07,1.0
56.99,1.0
122.56,0.0
44.22,1.0
74.16,1.0
27.54,0.0
12.8,1.0
23.21,1.0
11.44,1.0
45.78,1.0
58.25,0.0
74.45,0.0
16.55,1.0
35.24,1.0
10.07,1.0
48.65,0.0
24.78,1.0
25.34,0.0
26.53,1.0
113.81,0.0
79.62,1.0
11.4,1.0
23.85,0.0
14.06,1.0
44.55,1.0
38.39,1.0
88.84,1.0
90.95,1.0
25.48,1.0
22.95,1.0
40.3,0.0
73.0,0.0
64.33,1.0
18.19,1.0
46.73,0.0
35.29,1.0
69.14,1.0
31.8,1.0
60.07,0.0
55.46,1.0
31.86,1.0
29.85,1.0
56.7,1.0
16.19,1.0
20.94,0.0
78.27,0.0
25.92,1.0
57.76,0.0
54.48,1.0
24.04,0.0
32.27,1.0
78.97,1.0
144.2,0.0
92.85,0.0
46.49,1.0
36.93,0.0
26.78,1.0
42.92,0.0
61.0,0.0
31.38,1.0
62.62,0.0
17.46,1.0
89.04,1.0
18.87,1.0
233.13,1.0
16.63,1.0
21.21,0.0
23.96,1.0
93.54,1.0
44.41,1.0
21.18,1.0
50.96,0.0
48.24,0.0
101.16,1.0
16.51,0.0
93.43,1.0
63.93,1.0
57.29,1.0
77.02,0.0
142.12,1.0
29.12,0.0
73.77,0.0
53.64,1.0
49.87,1.0
116.29,1.0
41.38,1.0
54.44,1.0
21.76,1.0
19.94,1.0
30.72,1.0
15.96,1.0
25.03,0.0
59.54,1.0
17.74,1.0
13.69,1.0
67.33,0.0
15.28,1.0
20.8,1.0
49.28,1.0
67.53,1.0
30.76,1.0
38.47,0.0
18.13,0.0
46.94,1.0
63.26,1.0
52.84,1.0
24.94,0.0
40.75,1.0
31.58,1.0
32.62,0.0
22.03,1.0
64.15,0.0
26.39,0.0
40.33,1.0
13.5,1.0
90.81,1.0
14.37,1.0
45.08,1.0
133.33,1.0
22.28,0.0
39.58,1.0
47.1,1.0
64.85,1.0
72.91,1.0
8.9,1.0
45.16,1.0
44.55,1.0
32.06,1.0
53.67,1.0
30.78,0.0
108.35,1.0
77.39,1.0
138.34,0.0
55.85,1.0
50.33,1.0
20.55,0.0
19.92,1.0
81.29,0.0
35.32,1.0
34.99,1.0
78.89,1.0
54.04,1.0
81.64,1.0
39.13,1.0
35.95,1.0
37.74,0.0
68.8,1.0
43.62,1.0
38.23,0.0
85.56,1.0
101.93,1.0
23.2,1.0
20.68,0.0
53.78,1.0
75.19,1.0
61.34,0.0
38.19,0.0
13.17,1.0
79.07,0.0
36.55,1.0
74.82,1.0
44.47,1.0
81.11,1.0
20.54,1.0
36.56,1.0
38.52,0.0
109.65,1.0
55.64,1.0
33.01,0.0
36.0,1.0
17.31,1.0
29.09,1.0
13.67,1.0
45.26,1.0
53.34,0.0
55.54,1.0
80.97,1.0
141.45,1.0
27.96,1.0
26.82,1.0
35.78,1.0
35.02,1.0
18.29,1.0
62.08,0.0
59.61,1.0
48.08,1.0
30.99,1.0
47.96,0.0
32.67,1.0
53.79,1.0
24.01,1.0
21.16,1.0
32.84,1.0
120.23,0.0
57.82,1.0
39.02,1.0
85.07,1.0
25.69,0.0
44.03,1.0
20.17,1.0
69.36,0.0
159.18,1.0
53.03,1.0
32.57,1.0
35.5,1.0
18.13,1.0
32.41,1.0
30.33,0.0
32.72,1.0
17.71,1.0
36.63,1.0
16.62,1.0
44.56,1.0
51.07,0.0
41.33,1.0
41.42,0.0
18.38,1.0
37.92,1.0
169.89,1.0
27.64,1.0
25.34,1.0
64.53,0.0
48.36,0.0
27.93,0.0
24.47,1.0
74.96,1.0
21.73,1.0
138.49,1.0
18.55,1.0
103.3,1.0
48.13,0.0
16.73,1.0
29.54,0.0
85.69,1.0
26.09,0.0
62.73,1.0
16.94,1.0
23.39,1.0
57.88,1.0
30.67,1.0
33.65,1.0
104.67,0.0
158.25,1.0
35.25,0.0
58.84,1.0
32.24,0.0
41.16,1.0
25.6,1.0
106.73,1.0
27.41,1.0
49.71,1.0
57.0,1.0
50.49,0.0
54.79,1.0
20.57,0.0
12.53,1.0
68.3,1.0
39.63,1.0
63.7,1.0
42.47,1.0
26.98,1.0
83.21,1.0
42.06,0.0
97.25,0.0
45.9,1.0
47.1,1.0
190.64,1.0
48.49,0.0
25.17,1.0
65.41,1.0
101.66,1.0
52.25,1.0
83.2,1.0
40.15,1.0
11.0,1.0
22.49,1.0
19.22,1.0
25.4,1.0
26.75,1.0
33.33,0.0
26.53,0.0
36.48,0.0
19.95,1.0
40.84,1.0
65.36,1.0
104.81,1.0
46.49,0.0
42.67,1.0
45.28,1.0
36.42,0.0
109.42,0.0
36.02,1.0
21.56,1.0
55.52,1.0
113.73,0.0
19.89,1.0
18.5,1.0
27.38,1.0
24.25,1.0
61.45,1.0
78.54,1.0
10.91,1.0
31.63,0.0
21.89,1.0
17.17,1.0
21.03,1.0
29.35,1.0
55.13,0.0
54.8,1.0
78.03,1.0
132.33,1.0
45.74,0.0
71.51,1.0
29.96,0.0
72.3,0.0
56.06,1.0
79.92,1.0
30.03,1.0
7.18,1.0
76.82,1.0
10.37,1.0
58.91,0.0
28.64,1.0
33.26,0.0
80.66,1.0
23.49,0.0
52.34,1.0
30.83,1.0
16.56,0.0
24.01,0.0
138.59,1.0
34.42,1.0
24.53,0.0
22.18,1.0
19.08,1.0
17.1,0.0
57.17,1.0
183.64,1.0
38.83,1.0
33.26,0.0
28.72,1.0
117.59,0.0
17.64,1.0
135.53,0.0
48.98,1.0
26.77,1.0
89.75,0.0
18.44,0.0
113.48,1.0
67.5,1.0
39.04,1.0
34.07,1.0
41.28,1.0
121.7,1.0
183.23,1.0
48.26,1.0
122.18,1.0
34.11,0.0
48.6,0.0
51.15,1.0
22.33,1.0
78.4,0.0
49.58,0.0
20.17,1.0
34.33,1.0
89.3,0.0
21.09,1.0
93.65,1.0
36.1,0.0
110.5,1.0
60.82,1.0
33.67,1.0
128.69,1.0
115.25,1.0
14.78,1.0
22.24,1.0
55.07,1.0
42.08,1.0
50.61,1.0
83.07,1.0
129.0,0.0
44.63,0.0
70.54,1.0
34.46,1.0
28.4,1.0
95.13,1.0
43.89,1.0
62.07,0.0
27.65,1.0
11.54,1.0
34.97,1.0
27.46,1.0
56.16,1.0
118.61,1.0
62.45,0.0
10.86,0.0
33.42,0.0
60.79,1.0
90.42,0.0
38.97,1.0
23.76,1.0
80.25,1.0
25.67,0.0
116.93,1.0
45.54,1.0
49.95,0.0
23.14,1.0
19.36,1.0
28.54,0.0
91.37,1.0
29.54,1.0
134.82,1.0
68.05,1.0
27.05,1.0
56.9,1.0
21.22,0.0
24.34,0.0
113.02,0.0
263.12,1.0
44.01,1.0
14.54,1.0
29.57,1.0
29.73,1.0
94.58,0.0
56.78,1.0
118.59,0.0
47.43,0.0
66.47,1.0
17.25,1.0
51.13,1.0
34.82,0.0
27.93,1.0
38.87,1.0
62.64,1.0
40.56,0.0
49.0,1.0
6.9,1.0
50.2,1.0
87.46,1.0
50.9,1.0
66.52,1.0
32.58,1.0
48.81,1.0
157.95,1.0
29.05,1.0
44.42,0.0
69.16,1.0
22.01,1.0
66.85,1.0
25.56,1.0
24.94,0.0
47.3,1.0
37.96,1.0
19.8,1.0
64.65,1.0
77.72,1.0
21.53,1.0
49.89,0.0
25.98,1.0
59.35,0.0
36.75,1.0
49.48,0.0
17.01,0.0
27.6,1.0
35.38,1.0
21.42,0.0
52.86,1.0
39.65,1.0
33.34,1.0
42.2,1.0
19.52,1.0
67.13,1.0
45.81,1.0
104.95,1.0
25.09,1.0
14.9,1.0
51.26,1.0
38.43,1.0
67.75,1.0
85.24,1.0
43.4,1.0
14.66,0.0
47.52,1.0
24.4,0.0
23.99,1.0
42.82,1.0
26.97,0.0
48.24,1.0
48.52,0.0
57.79,1.0
75.06,0.0
36.53,1.0
42.87,0.0
61.45,1.0
110.24,1.0
64.15,1.0
43.53,1.0
25.66,1.0
31.72,1.0
36.8,1.0
16.39,1.0
31.38,1.0
40.86,1.0
22.82,1.0
177.55,1.0
92.23,0.0
17.99,1.0
43.74,1.0
32.81,1.0
14.14,1.0
63.11,1.0
36.55,0.0
23.16,0.0
16.52,1.0
22.41,1.0
14.64,0.0
52.77,0.0
23.12,1.0
15.06,0.0
29.51,0.0
24.38,1.0
20.4,0.0
155.63,0.0
85.47,0.0
67.88,1.0
69.53,1.0
47.21,1.0
71.15,1.0
30.0,1.0
54.49,0.0
39.24,1.0
51.87,1.0
124.49,1.0
65.83,1.0
40.27,1.0
52.14,0.0
51.18,1.0
172.89,0.0
86.12,0.0
32.44,1.0
31.42,1.0
83.81,1.0
29.8,1.0
62.64,0.0
30.13,1.0
109.82,0.0
24.95,0.0
93.09,1.0
52.15,0.0
61.82,1.0
77.41,0.0
18.14,1.0
99.89,1.0
19.08,0.0
33.07,1.0
43.46,1.0
60.77,0.0
97.88,1.0
166.69,1.0
18.71,1.0
40.91,1.0
53.58,1.0
26.03,1.0
96.94,1.0
84.96,1.0
51.96,0.0
35.15,1.0
35.27,1.0
159.39,1.0
36.91,0.0
65.74,1.0
40.65,0.0
29.24,1.0
77.2,1.0
55.65,0.0
195.8,1.0
16.91,1.0
22.46,0.0
51.2,1.0
39.08,1.0
17.21,1.0
14.92,1.0
38.94,0.0
15.82,0.0
51.71,1.0
13.92,1.0
60.46,1.0
67.47,1.0
66.4,0.0
20.42,0.0
20.11,1.0
45.87,0.0
33.41,1.0
37.03,1.0
30.46,1.0
11.76,1.0
26.07,0.0
16.4,1.0
55.66,0.0
122.03,1.0
102.2,1.0
137.78,0.0
31.0,1.0
28.18,1.0
63.97,1.0
29.85,1.0
43.38,0.0
34.81,0.0
84.12,1.0
49.66,1.0
72.05,1.0
144.06,1.0
56.44,0.0
37.17,0.0
12.93,1.0
26.5,1.0
63.07,1.0
29.62,1.0
50.03,1.0
26.37,0.0
23.39,1.0
28.68,0.0
37.49,1.0
67.51,1.0
49.8,0.0
89.48,0.0
109.51,1.0
46.8,1.0
14.94,1.0
51.36,0.0
36.39,0.0
63.49,1.0
26.21,1.0
10.65,1.0
142.61,1.0
48.01,1.0
74.85,0.0
22.87,1.0
35.67,1.0
20.94,1.0
30.78,0.0
23.13,1.0
33.14,1.0
24.16,0.0
60.99,1.0
56.88,0.0
41.67,1.0
48.25,1.0
71.0,0.0
59.61,0.0
11.39,1.0
64.69,1.0
15.12,1.0
28.8,0.0
51.57,1.0
37.22,0.0
62.5,1.0
14.75,1.0
38.15,1.0
67.4,1.0
12.7,1.0
29.61,1.0
16.42,0.0
31.43,1.0
22.12,1.0
33.65,1.0
122.57,1.0
55.26,0.0
60.5,1.0
11.91,1.0
57.22,1.0
42.68,1.0
24.35,1.0
42.95,1.0
106.91,1.0
24.29,1.0
169.68,1.0
89.85,1.0
67.94,1.0
48.31,0.0
38.98,1.0
86.1,1.0
29.59,1.0
23.52,1.0
62.34,1.0
36.55,1.0
43.92,1.0
208.23,0.0
32.8,0.0
31.18,1.0
16.23,1.0
108.71,1.0
43.91,1.0
22.69,1.0
90.44,0.0
21.17,0.0
40.21,1.0
17.46,1.0
72.81,1.0
24.48,1.0
42.6,0.0
97.76,1.0
27.07,1.0
27.47,1.0
27.25,0.0
219.32,1.0
31.01,1.0
49.46,1.0
50.29,0.0
120.01,0.0
19.77,1.0
63.03,1.0
59.71,0.0
14.59,0.0
35.96,1.0
75.18,0.0
60.22,1.0
26.45,1.0
88.17,1.0
10.01,0.0
159.05,1.0
51.45,1.0
13.94,1.0
46.61,1.0
93.04,1.0
81.62,0.0
53.56,1.0
39.53,1.0
64.81,1.0
44.77,0.0
36.66,0.0
119.87,1.0
52.16,0.0
103.5,0.0
20.98,1.0
29.4,1.0
19.23,0.0
29.3,1.0
71.13,1.0
75.01,1.0
55.73,0.0
160.64,1.0
70.34,0.0
77.98,1.0
35.81,1.0
21.04,1.0
118.44,1.0
55.81,0.0
67.83,1.0
63.53,1.0
29.72,1.0
57.64,1.0
12.28,1.0
99.29,0.0
25.1,1.0
160.53,1.0
59.35,0.0
46.64,1.0
89.3,1.0
19.17,0.0
24.46,1.0
91.3,1.0
33.12,1.0
60.03,1.0
45.09,1.0
148.39,0.0
35.37,0.0
14.15,0.0
34.73,0.0
53.32,1.0
30.22,1.0
18.4,0.0
146.05,1.0
31.81,0.0
52.13,1.0
59.28,1.0
60.62,1.0
106.99,1.0
29.7,1.0
71.87,0.0
57.73,0.0
82.49,1.0
118.37,0.0
48.22,1.0
18.16,1.0
24.63,0.0
68.67,0.0
21.68,0.0
16.26,1.0
35.37,1.0
37.28,1.0
40.85,1.0
44.95,1.0
19.17,1.0
41.76,1.0
56.0,1.0
54.43,0.0
95.91,1.0
23.74,1.0
41.16,1.0
26.98,1.0
45.29,1.0
49.3,0.0
77.29,1.0
49.34,0.0
41.99,1.0
51.75,0.0
20.4,1.0
55.16,0.0
30.57,0.0
61.4,1.0
33.41,1.0
54.12,1.0
43.51,1.0
80.95,1.0
26.17,0.0
39.82,1.0
59.18,1.0
20.62,1.0
38.93,1.0
44.06,0.0
47.06,1.0
84.52,1.0
79.41,1.0
43.01,1.0
104.81,1.0
32.37,1.0
54.56,1.0
19.55,1.0
44.82,1.0
97.72,1.0
71.29,1.0
12.78,1.0
27.63,0.0
20.21,0.0
47.6,1.0
11.82,1.0
89.46,1.0
16.41,1.0
22.45,1.0
77.3,1.0
20.54,0.0
14.95,1.0
63.95,0.0
14.62,0.0
28.67,1.0
15.38,1.0
104.13,1.0
131.92,1.0
29.59,0.0
88.3,1.0
46.27,1.0
50.27,1.0
15.59,0.0
49.15,1.0
92.13,1.0
67.22,1.0
16.77,0.0
33.03,1.0
20.2,1.0
19.07,1.0
39.93,1.0
45.39,1.0
124.1,0.0
33.57,0.0
37.35,1.0
32.69,1.0
62.92,1.0
36.61,0.0
34.22,1.0
26.48,1.0
10.35,0.0
42.49,0.0
71.34,1.0
18.84,1.0
38.36,1.0
38.57,0.0
12.23,1.0
66.44,1.0
114.13,0.0
44.46,1.0
29.91,1.0
24.77,1.0
38.63,1.0
19.17,1.0
19.02,1.0
38.33,1.0
41.84,1.0
76.68,1.0
28.46,1.0
81.11,1.0
9.31,1.0
72.22,0.0
44.19,1.0
35.35,1.0
106.36,0.0
16.36,1.0
46.09,1.0
108.66,1.0
36.2,1.0
39.26,1.0
155.38,0.0
11.78,0.0
42.87,1.0
44.87,0.0
42.88,1.0
13.67,1.0
41.38,1.0
47.74,1.0
35.36,0.0
31.51,0.0
126.02,1.0
54.88,0.0
61.72,0.0
34.36,0.0
36.15,1.0
39.51,1.0
19.66,0.0
89.0,1.0
58.17,1.0
27.82,1.0
35.84,1.0
51.85,1.0
82.76,1.0
46.0,0.0
33.08,1.0
100.21,1.0
65.39,1.0
90.49,1.0
35.87,0.0
44.31,1.0
45.22,1.0
38.82,1.0
35.1,1.0
79.18,0.0
55.75,1.0
30.33,0.0
17.62,1.0
45.65,1.0
29.72,0.0
63.16,1.0
64.55,1.0
16.48,1.0
47.73,0.0
47.46,0.0
53.7,1.0
10.29,1.0
82.38,1.0
30.86,1.0
13.48,1.0
132.91,1.0
32.94,1.0
50.07,1.0
39.13,1.0
42.38,1.0
46.89,1.0
30.29,0.0
26.57,1.0
37.13,1.0
38.96,0.0
55.49,1.0
82.22,1.0
13.65,1.0
51.95,1.0
42.66,1.0
42.49,0.0
55.44,0.0
24.79,1.0
40.37,1.0
38.44,1.0
29.99,1.0
49.49,1.0
52.38,1.0
254.66,0.0
35.93,1.0
15.37,1.0
31.49,1.0
43.97,0.0
60.3,1.0
34.59,0.0
16.14,1.0
15.07,1.0
37.01,1.0
49.43,0.0
58.39,1.0
67.2,0.0
37.29,0.0
13.21,1.0
137.13,0.0
23.26,1.0
90.37,1.0
61.16,1.0
66.52,1.0
23.99,1.0
29.16,1.0
49.18,0.0
13.7,1.0
44.42,1.0
78.68,0.0
75.75,1.0
34.74,1.0
69.03,1.0
45.94,0.0
56.67,0.0
36.88,0.0
151.76,1.0
18.45,1.0
34.58,1.0
40.06,1.0
32.68,0.0
33.23,1.0
50.51,0.0
73.76,1.0
14.37,1.0
42.84,1.0
81.59,1.0
25.41,1.0
38.41,0.0
52.51,1.0
31.39,1.0
45.48,0.0
65.72,1.0
63.74,0.0
42.95,1.0
158.79,1.0
21.53,1.0
23.73,0.0
70.02,1.0
29.08,1.0
98.57,1.0
23.41,1.0
128.92,1.0
24.81,1.0
37.06,1.0
73.94,0.0
79.09,1.0
29.1,0.0
126.2,0.0
90.68,0.0
39.58,1.0
24.62,0.0
119.52,1.0
47.94,0.0
74.97,1.0
35.36,1.0
43.84,1.0
214.06,0.0
77.5,1.0
109.72,1.0
46.49,0.0
86.34,1.0
47.49,1.0
38.64,1.0
42.81,1.0
21.93,1.0
37.18,1.0
25.88,1.0
41.13,0.0
42.28,0.0
136.27,1.0
54.37,0.0
28.89,1.0
36.35,1.0
28.82,0.0
19.36,1.0
43.58,0.0
26.92,1.0
56.94,1.0
91.6,1.0
22.06,0.0
62.3,0.0
58.64,0.0
9.41,1.0
55.48,1.0
30.93,1.0
62.75,1.0
66.38,0.0
94.42,0.0
35.63,1.0
31.47,1.0
13.29,1.0
117.07,0.0
41.9,1.0
50.91,1.0
41.75,1.0
21.18,1.0
31.0,1.0
21.19,1.0
70.63,1.0
79.57,1.0
14.19,1.0
46.03,1.0
45.23,1.0
53.27,0.0
29.59,1.0
44.05,1.0
32.33,1.0
64.03,1.0
27.99,1.0
53.4,0.0
31.95,0.0
51.39,0.0
31.95,1.0
84.25,1.0
26.04,1.0
14.97,1.0
26.58,1.0
42.68,1.0
77.67,1.0
61.92,0.0
28.58,1.0
9.09,1.0
32.82,1.0
46.79,0.0
63.08,1.0
133.77,0.0
34.12,1.0
45.69,1.0
23.2,1.0
58.54,1.0
65.15,0.0
52.79,1.0
36.7,0.0
50.79,1.0
50.59,0.0
13.47,1.0
24.61,1.0
63.9,1.0
113.62,1.0
53.24,0.0
23.98,1.0
170.15,1.0
38.57,1.0
41.29,1.0
58.39,0.0
97.22,1.0
53.89,1.0
61.0,0.0
24.22,0.0
39.51,1.0
19.17,0.0
18.93,0.0
26.07,1.0
35.0,1.0
15.6,0.0
63.61,1.0
39.07,1.0
40.49,1.0
37.04,0.0
46.86,0.0
33.96,1.0
34.15,1.0
51.66,1.0
52.63,1.0
71.32,1.0
42.49,0.0
38.4,1.0
14.79,1.0
67.09,0.0
19.65,1.0
27.93,1.0
40.45,1.0
45.81,1.0
57.79,1.0
44.7,0.0
79.04,1.0
22.01,0.0
22.63,1.0
54.03,1.0
54.5,0.0
42.64,1.0
48.0,1.0
39.45,1.0
44.37,0.0
103.68,1.0
19.82,0.0
89.14,0.0
103.45,0.0
28.65,1.0
67.17,1.0
14.82,1.0
28.01,1.0
22.56,1.0
21.3,1.0
30.05,0.0
38.47,1.0
50.58,1.0
22.36,1.0
39.83,1.0
67.96,1.0
130.66,0.0
25.71,1.0
143.8,1.0
109.32,0.0
51.85,1.0
89.7,1.0
83.22,1.0
26.57,1.0
51.68,1.0
54.83,1.0
44.08,0.0
97.01,1.0
35.23,1.0
63.06,1.0
22.31,1.0
70.24,1.0
34.7,1.0
49.79,0.0
111.64,1.0
56.55,1.0
44.62,1.0
48.89,1.0
75.38,1.0
164.95,1.0
49.16,0.0
97.89,1.0
46.62,0.0
19.21,1.0
94.17,0.0
39.84,0.0
18.05,0.0
60.01,1.0
89.92,1.0
30.29,0.0
22.77,1.0
120.55,0.0
49.14,1.0
26.75,0.0
21.24,1.0
43.15,1.0
28.93,1.0
80.36,1.0
49.43,1.0
88.1,0.0
23.61,1.0
14.17,1.0
70.45,1.0
65.33,1.0
50.37,0.0
25.38,1.0
55.86,1.0
63.61,1.0
110.3,0.0
100.34,0.0
34.46,0.0
142.01,1.0
35.03,0.0
30.79,1.0
31.59,1.0
90.74,0.0
41.53,0.0
159.41,1.0
26.88,0.0
59.48,1.0
33.6,1.0
51.75,1.0
30.01,0.0
26.65,1.0
130.98,1.0
40.85,1.0
126.28,1.0
31.29,1.0
16.51,0.0
78.28,1.0
120.71,0.0
33.11,1.0
35.28,0.0
42.41,1.0
38.46,0.0
26.12,0.0
16.89,1.0
30.59,1.0
37.55,0.0
21.06,1.0
12.65,1.0
16.61,0.0
58.56,0.0
32.77,1.0
40.66,1.0
41.12,1.0
93.49,0.0
43.51,1.0
44.54,1.0
27.74,1.0
42.36,1.0
37.82,1.0
35.55,1.0
33.46,0.0
37.62,0.0
19.36,1.0
65.53,1.0
50.27,1.0
127.08,1.0
37.31,1.0
37.66,1.0
22.56,0.0
27.31,1.0
41.18,1.0
28.36,0.0
94.3,0.0
40.93,1.0
20.49,1.0
44.75,0.0
33.73,1.0
20.04,1.0
78.89,1.0
9.87,1.0
116.23,1.0
32.76,0.0
58.34,1.0
42.52,1.0
11.46,1.0
251.32,1.0
48.85,1.0
44.28,1.0
106.79,1.0
71.18,1.0
12.16,1.0
57.4,1.0
78.3,0.0
30.28,1.0
27.44,1.0
54.07,0.0
35.9,1.0
61.23,1.0
84.41,1.0
32.53,1.0
68.48,0.0
30.14,1.0
72.82,1.0
37.05,0.0
48.35,1.0
63.79,1.0
76.23,1.0
15.24,1.0
139.27,1.0
18.77,0.0
30.01,1.0
30.16,1.0
51.3,1.0
86.28,0.0
45.77,1.0
79.04,0.0
26.99,1.0
34.84,1.0
35.71,1.0
82.77,0.0
46.92,1.0
56.31,1.0
75.01,0.0
15.22,1.0
30.55,0.0
14.28,0.0
56.06,1.0
58.42,1.0
72.55,1.0
87.56,0.0
75.13,1.0
12.7,0.0
26.4,1.0
63.59,1.0
89.28,1.0
37.44,0.0
22.86,0.0
34.17,1.0
41.78,0.0
76.79,1.0
49.99,1.0
30.58,0.0
45.46,0.0
147.84,1.0
61.75,0.0
102.08,0.0
23.47,1.0
28.92,0.0
35.58,1.0
38.79,1.0
152.39,0.0
45.33,1.0
24.95,0.0
25.49,1.0
15.29,1.0
65.97,0.0
100.25,1.0
17.32,0.0
67.02,0.0
44.37,1.0
108.21,0.0
10.35,1.0
51.28,1.0
71.69,0.0
81.45,1.0
75.99,0.0
110.69,1.0
54.28,1.0
32.78,1.0
55.74,1.0
39.03,1.0
34.35,1.0
14.17,1.0
25.03,0.0
39.59,1.0
47.3,1.0
16.71,1.0
46.35,0.0
63.23,1.0
50.47,0.0
120.41,1.0
36.86,1.0
24.39,1.0
139.29,0.0
37.25,1.0
66.8,1.0
36.14,1.0
131.65,0.0
53.02,0.0
23.31,1.0
20.18,1.0
62.89,1.0
16.99,1.0
18.65,1.0
55.32,1.0
76.75,0.0
19.61,1.0
28.32,1.0
43.58,1.0
63.69,1.0
23.35,1.0
57.42,0.0
55.09,0.0
43.27,0.0
44.58,0.0
61.81,0.0
97.4,1.0
59.49,1.0
27.81,0.0
56.47,1.0
117.4,0.0
56.95,1.0
15.26,0.0
175.09,0.0
13.76,0.0
49.65,1.0
16.42,1.0
19.57,0.0
76.54,1.0
71.39,1.0
37.0,1.0
57.72,1.0
37.71,1.0
76.49,1.0
17.85,1.0
39.23,1.0
89.66,1.0
27.01,1.0
75.87,0.0
31.87,1.0
58.04,0.0
46.12,1.0
65.42,0.0
42.44,1.0
62.05,1.0
96.4,1.0
75.66,1.0
39.78,0.0
45.01,1.0
23.81,0.0
40.51,1.0
53.41,1.0
195.5,1.0
104.3,0.0
10.21,0.0
170.28,1.0
22.41,1.0
17.85,0.0
17.25,1.0
20.67,1.0
80.33,1.0
41.56,0.0
104.76,0.0
171.34,0.0
52.46,1.0
88.29,0.0
50.02,1.0
40.71,1.0
36.17,1.0
77.43,1.0
32.85,1.0
20.68,0.0
26.2,0.0
50.67,0.0
60.33,0.0
16.27,1.0
21.32,1.0
17.13,1.0
73.01,0.0
85.79,1.0
46.32,1.0
43.79,1.0
31.62,1.0
61.38,1.0
21.72,1.0
30.17,1.0
124.49,1.0
55.82,1.0
225.39,1.0
51.72,0.0
23.63,1.0
97.19,1.0
20.48,1.0
58.54,0.0
59.78,1.0
55.12,0.0
37.3,1.0
59.47,0.0
39.52,1.0
31.33,1.0
29.33,1.0
18.14,1.0
62.7,1.0
68.43,0.0
59.97,1.0
38.78,1.0
12.49,1.0
20.98,1.0
32.97,1.0
39.83,0.0
63.33,1.0
43.85,1.0
87.69,0.0
81.58,0.0
31.36,0.0
92.41,0.0
144.51,0.0
140.63,0.0
43.01,1.0
111.18,1.0
73.71,1.0
101.18,1.0
14.85,1.0
54.36,1.0
69.91,0.0
94.45,1.0
44.59,0.0
21.85,1.0
18.02,1.0
27.62,1.0
15.48,1.0
16.06,1.0
36.54,1.0
88.39,1.0
34.46,1.0
28.7,1.0
6.66,1.0
44.83,0.0
33.61,1.0
87.45,1.0
22.55,1.0
28.27,1.0
39.18,1.0
26.35,1.0
74.03,0.0
47.88,1.0
34.83,1.0
80.66,0.0
90.05,0.0
22.16,0.0
42.7,1.0
22.89,1.0
69.22,1.0
18.92,1.0
30.57,1.0
17.54,0.0
29.07,1.0
33.28,1.0
39.59,1.0
60.03,1.0
43.57,1.0
20.23,1.0
57.36,0.0
59.24,1.0
77.57,1.0
147.94,1.0
54.34,0.0
41.53,1.0
21.35,1.0
142.02,1.0
126.3,1.0
117.98,1.0
54.39,0.0
50.54,1.0
111.59,1.0
48.71,1.0
47.24,1.0
27.06,1.0
13.36,1.0
51.28,0.0
41.93,1.0
42.6,1.0
36.77,0.0
84.03,0.0
99.04,1.0
29.43,1.0
15.56,1.0
41.51,0.0
83.05,1.0
88.8,1.0
50.47,1.0
13.41,1.0
26.17,0.0
72.05,1.0
130.88,0.0
99.41,0.0
20.52,1.0
24.99,1.0
175.99,0.0
13.94,1.0
31.26,1.0
42.71,1.0
8.99,1.0
62.88,1.0
52.33,1.0
33.05,1.0
28.47,1.0
15.01,1.0
32.41,0.0
50.8,1.0
47.29,1.0
30.88,1.0
154.0,1.0
5.8,1.0
33.22,0.0
55.03,0.0
46.47,1.0
43.68,1.0
46.29,0.0
53.59,1.0
88.54,1.0
47.26,1.0
27.97,1.0
124.02,0.0
94.9,1.0
39.91,1.0
15.21,1.0
20.59,0.0
44.74,1.0
35.32,1.0
55.56,1.0
40.01,1.0
67.37,1.0
40.25,0.0
128.02,1.0
17.94,1.0
23.27,1.0
34.24,0.0
174.23,1.0
79.83,1.0
60.45,1.0
74.95,1.0
49.33,1.0
70.11,1.0
54.32,1.0
14.94,1.0
52.24,1.0
45.87,1.0
166.66,0.0
66.0,1.0
14.44,1.0
68.69,1.0
50.15,0.0
18.78,1.0
71.01,1.0
85.45,1.0
16.53,1.0
23.95,1.0
25.53,1.0
45.59,1.0
57.42,1.0
37.05,1.0
22.69,1.0
13.62,1.0
35.5,0.0
42.5,1.0
48.0,1.0
8.79,1.0
111.75,0.0
37.73,1.0
67.01,0.0
47.41,1.0
37.52,0.0
36.22,0.0
12.55,1.0
100.24,1.0
20.29,0.0
77.41,1.0
32.28,1.0
52.78,1.0
25.84,0.0
47.01,0.0
33.56,1.0
27.35,1.0
33.04,1.0
23.99,1.0
54.64,1.0
62.05,0.0
80.69,0.0
16.46,1.0
126.9,0.0
13.08,1.0
88.38,0.0
127.36,0.0
49.7,0.0
18.58,1.0
16.65,0.0
122.41,1.0
63.03,1.0
118.26,1.0
40.85,1.0
40.08,1.0
10.09,1.0
62.23,1.0
111.8,1.0
47.89,1.0
43.64,1.0
53.26,1.0
26.65,0.0
25.23,1.0
34.42,1.0
32.78,1.0
64.92,1.0
139.05,1.0
21.61,0.0
35.95,1.0
40.19,1.0
27.73,1.0
26.82,1.0
33.95,0.0
88.49,0.0
48.4,0.0
26.59,1.0
35.58,1.0
124.53,1.0
26.28,1.0
25.8,0.0
32.31,1.0
34.17,1.0
35.53,1.0
47.15,0.0
80.05,1.0
50.11,1.0
10.85,0.0
30.18,1.0
41.57,0.0
51.53,0.0
25.08,1.0
67.19,0.0
52.77,1.0
59.93,1.0
107.92,0.0
59.32,0.0
50.69,1.0
71.35,1.0
50.34,1.0
38.6,1.0
91.56,1.0
46.83,1.0
51.83,1.0
41.54,1.0
55.99,1.0
50.95,1.0
18.59,1.0
49.52,1.0
78.1,1.0
86.27,0.0
21.3,1.0
8.49,1.0
25.78,0.0
235.72,1.0
24.24,1.0
38.83,1.0
22.68,1.0
32.01,0.0
89.83,0.0
51.89,1.0
84.21,1.0
35.09,1.0
20.42,1.0
20.46,1.0
23.49,1.0
22.64,1.0
85.26,1.0
56.9,1.0
34.44,1.0
65.85,0.0
30.75,1.0
101.68,1.0
31.5,1.0
30.28,1.0
71.06,0.0
26.61,1.0
30.11,1.0
46.32,1.0
35.73,1.0
86.7,1.0
59.49,0.0
18.85,1.0
46.42,0.0
70.45,1.0
53.25,0.0
51.01,1.0
17.04,1.0
166.06,1.0
49.76,0.0
79.7,1.0
84.38,1.0
46.08,1.0
57.2,0.0
20.89,1.0
56.59,0.0
30.26,0.0
46.06,1.0
70.05,1.0
39.67,0.0
91.57,1.0
104.13,1.0
51.75,1.0
5.92,1.0
9.74,1.0
23.77,1.0
27.75,1.0
46.65,1.0
74.42,1.0
179.42,1.0
54.45,1.0
31.63,1.0
12.79,1.0
14.68,1.0
11.95,0.0
39.89,1.0
61.61,1.0
46.37,0.0
114.42,0.0
30.44,0.0
83.95,0.0
71.42,1.0
33.64,1.0
79.36,1.0
92.67,1.0
26.83,1.0
28.43,1.0
39.92,1.0
17.99,1.0
125.59,1.0
11.23,0.0
59.68,1.0
36.68,1.0
13.76,1.0
66.68,1.0
70.97,1.0
24.71,0.0
32.22,1.0
21.54,1.0
37.45,1.0
27.87,1.0
69.88,1.0
25.53,1.0
36.48,0.0
29.17,1.0
18.69,0.0
43.53,1.0
13.33,1.0
16.59,1.0
38.97,1.0
34.59,1.0
21.02,1.0
132.36,0.0
44.17,1.0
38.11,0.0
26.6,0.0
26.68,1.0
34.98,1.0
84.26,1.0
51.48,1.0
60.56,1.0
96.24,1.0
43.12,0.0
78.38,0.0
62.91,0.0
77.33,1.0
51.12,0.0
34.13,1.0
50.09,1.0
25.0,0.0
15.26,1.0
56.32,1.0
88.42,1.0
56.03,1.0
15.18,1.0
54.82,0.0
105.78,1.0
32.36,1.0
44.15,1.0
9.43,1.0
56.1,1.0
65.6,0.0
108.29,1.0
72.3,0.0
69.1,0.0
124.3,1.0
68.17,1.0
12.97,1.0
48.67,1.0
71.31,0.0
60.81,1.0
100.09,0.0
59.4,1.0
127.67,0.0
22.09,1.0
25.11,1.0
34.94,1.0
27.44,1.0
31.01,1.0
37.82,1.0
52.59,1.0
17.43,1.0
44.95,1.0
36.22,1.0
28.35,1.0
25.11,0.0
149.21,1.0
23.75,0.0
90.55,1.0
24.58,1.0
80.22,1.0
19.7,1.0
19.07,1.0
14.18,0.0
71.67,1.0
15.65,0.0
76.15,1.0
38.63,1.0
49.62,1.0
63.5,1.0
19.74,0.0
19.0,0.0
34.26,0.0
21.56,0.0
16.4,1.0
43.01,1.0
58.41,0.0
136.46,0.0
59.17,1.0
39.51,1.0
55.63,0.0
43.36,0.0
26.17,0.0
99.17,0.0
26.78,1.0
24.87,0.0
40.94,1.0
115.74,1.0
25.78,1.0
21.76,0.0
105.13,1.0
46.58,1.0
78.27,1.0
55.22,1.0
42.94,0.0
24.98,1.0
22.59,1.0
92.16,1.0
32.69,0.0
132.5,0.0
45.4,0.0
49.84,0.0
53.36,1.0
37.86,1.0
131.51,1.0
74.37,1.0
36.41,1.0
23.2,0.0
43.2,0.0
55.47,1.0
41.19,0.0
32.83,1.0
20.95,1.0
42.73,1.0
86.4,1.0
23.25,1.0
32.78,1.0
43.43,0.0
42.68,1.0
19.04,0.0
15.02,1.0
71.45,1.0
23.74,1.0
29.62,1.0
15.32,1.0
72.72,1.0
80.8,1.0
28.1,0.0
104.89,0.0
97.5,1.0
14.11,1.0
36.61,1.0
37.49,1.0
13.88,1.0
55.65,1.0
26.9,0.0
50.08,1.0
18.27,1.0
156.11,0.0
14.71,1.0
57.44,1.0
85.22,1.0
60.97,0.0
47.7,1.0
21.9,1.0
163.77,1.0
107.14,1.0
20.2,1.0
79.73,1.0
35.76,1.0
16.0,0.0
24.63,1.0
18.73,0.0
23.78,0.0
17.22,1.0
28.71,0.0
18.46,0.0
112.56,1.0
280.53,1.0
49.44,0.0
67.21,1.0
46.18,1.0
39.07,1.0
10.1,1.0
81.1,1.0
43.21,1.0
60.02,1.0
48.67,0.0
35.93,0.0
10.05,1.0
25.82,1.0
35.71,1.0
20.03,1.0
41.83,1.0
26.59,1.0
31.25,1.0
54.98,0.0
56.86,1.0
98.32,1.0
35.62,1.0
21.08,1.0
52.81,1.0
121.72,1.0
24.82,1.0
32.47,1.0
114.02,0.0
31.25,1.0
81.81,0.0
69.86,0.0
86.85,1.0
58.41,1.0
69.65,1.0
151.85,0.0
34.57,1.0
92.35,1.0
30.08,1.0
40.14,1.0
19.68,1.0
110.72,1.0
31.81,0.0
243.02,1.0
60.72,1.0
45.14,1.0
39.63,1.0
22.51,1.0
60.58,1.0
44.67,1.0
11.86,1.0
100.09,0.0
45.11,1.0
111.81,0.0
31.29,1.0
14.15,1.0
38.83,1.0
35.05,1.0
76.65,1.0
81.59,1.0
150.31,0.0
13.59,1.0
14.98,1.0
14.26,1.0
15.46,1.0
49.66,1.0
34.77,1.0
48.85,0.0
46.77,0.0
22.18,1.0
27.38,1.0
30.54,1.0
99.81,1.0
59.65,0.0
32.14,0.0
83.17,1.0
83.81,1.0
43.52,1.0
31.21,1.0
22.97,0.0
94.94,0.0
48.35,0.0
87.31,0.0
72.01,0.0
89.76,1.0
20.27,1.0
47.55,1.0
19.42,1.0
101.37,1.0
14.52,1.0
25.97,1.0
81.89,1.0
27.75,1.0
57.07,1.0
34.84,1.0
58.8,0.0
20.67,1.0
30.8,0.0
25.67,1.0
34.49,1.0
42.66,0.0
64.37,1.0
37.46,1.0
38.05,0.0
122.22,1.0
136.11,1.0
49.4,1.0
22.61,1.0
44.85,1.0
52.24,1.0
50.48,1.0
55.05,1.0
17.05,1.0
51.52,0.0
33.37,1.0
50.19,1.0
8.99,0.0
65.68,1.0
114.57,1.0
37.78,1.0
52.19,1.0
46.61,1.0
40.04,1.0
51.07,0.0
47.01,0.0
81.08,0.0
45.56,0.0
21.71,0.0
36.23,1.0
15.39,1.0
54.89,0.0
41.78,1.0
18.66,1.0
65.77,1.0
43.06,1.0
80.71,1.0
66.99,1.0
25.77,0.0
24.15,1.0
49.47,0.0
11.1,1.0
66.86,1.0
179.64,0.0
54.2,1.0
63.24,1.0
38.15,1.0
38.83,1.0
44.82,1.0
28.15,1.0
64.13,1.0
27.54,1.0
57.23,1.0
143.83,1.0
11.09,1.0
18.5,1.0
70.15,0.0
27.04,1.0
13.94,0.0
54.85,0.0
28.74,1.0
62.92,0.0
36.65,1.0
47.04,1.0
103.31,0.0
56.36,1.0
74.36,1.0
45.49,0.0
43.93,0.0
33.96,1.0
65.56,1.0
50.54,0.0
36.44,1.0
60.51,1.0
40.45,1.0
15.49,1.0
97.91,1.0
41.53,1.0
41.13,0.0
24.6,0.0
18.66,0.0
33.69,1.0
56.69,1.0
26.68,1.0
49.87,0.0
21.21,1.0
70.97,0.0
30.35,1.0
19.96,0.0
87.99,1.0
54.03,1.0
15.35,1.0
76.38,1.0
60.63,1.0
41.59,1.0
130.3,1.0
41.93,1.0
30.67,1.0
66.51,1.0
46.58,1.0
39.31,1.0
45.37,1.0
36.34,0.0
71.27,1.0
24.11,1.0
12.66,1.0
81.57,0.0
18.17,0.0
68.28,1.0
57.51,1.0
38.46,1.0
56.52,1.0
43.37,1.0
48.01,1.0
47.71,1.0
36.23,1.0
33.62,0.0
71.53,1.0
16.94,1.0
18.96,0.0
25.17,1.0
89.75,1.0
39.87,0.0
100.2,0.0
68.55,0.0
59.7,1.0
109.65,1.0
127.67,1.0
22.09,0.0
39.92,1.0
56.07,1.0
74.53,1.0
56.91,1.0
24.81,0.0
29.77,1.0
12.8,1.0
30.81,1.0
58.54,1.0
66.19,1.0
28.94,1.0
127.47,1.0
29.45,1.0
17.77,0.0
126.7,1.0
67.38,0.0
85.79,1.0
66.08,1.0
98.35,1.0
9.91,0.0
58.91,1.0
76.01,1.0
17.13,1.0
31.38,1.0
51.46,1.0
10.22,1.0
140.53,1.0
28.97,1.0
33.59,1.0
43.31,1.0
61.79,0.0
35.66,1.0
14.91,1.0
34.49,1.0
80.09,0.0
39.67,0.0
105.77,1.0
103.67,1.0
54.13,1.0
42.67,0.0
122.71,1.0
91.97,1.0
27.22,0.0
30.67,1.0
40.45,1.0
68.87,1.0
38.93,0.0
36.51,1.0
33.19,1.0
67.32,0.0
26.63,1.0
22.57,1.0
130.07,0.0
75.61,1.0
12.57,1.0
23.18,0.0
78.89,1.0
38.01,1.0
10.43,1.0
49.2,1.0
26.44,1.0
48.8,0.0
107.88,0.0
33.93,0.0
57.87,0.0
29.66,1.0
27.39,1.0
55.62,1.0
12.58,1.0
37.55,0.0
59.28,1.0
98.94,1.0
30.96,1.0
46.06,1.0
42.71,0.0
33.65,0.0
16.08,1.0
11.86,0.0
35.48,0.0
35.93,1.0
19.08,1.0
27.01,1.0
22.26,1.0
53.26,0.0
45.96,1.0
19.79,0.0
50.43,1.0
38.23,1.0
25.85,1.0
18.13,1.0
64.82,1.0
85.26,1.0
25.9,1.0
40.03,1.0
86.94,1.0
21.83,1.0
18.23,1.0
77.52,1.0
89.68,1.0
10.34,0.0
32.17,1.0
50.44,1.0
45.49,1.0
152.24,0.0
17.67,0.0
29.61,1.0
106.42,1.0
74.49,1.0
21.5,1.0
35.56,1.0
29.69,1.0
68.3,1.0
19.99,1.0
38.33,0.0
100.52,0.0
10.64,0.0
41.35,1.0
33.15,1.0
30.85,1.0
58.25,1.0
47.05,1.0
53.57,1.0
72.6,1.0
28.85,0.0
73.47,0.0
41.33,1.0
47.67,1.0
39.71,1.0
22.49,1.0
101.2,1.0
27.17,0.0
30.2,1.0
19.92,1.0
50.37,0.0
50.23,1.0
62.81,1.0
16.69,1.0
31.31,0.0
31.53,1.0
58.79,1.0
18.84,1.0
98.45,1.0
13.79,1.0
38.83,1.0
21.5,1.0
139.19,0.0
36.04,1.0
79.62,1.0
19.69,1.0
14.52,1.0
30.4,1.0
77.79,1.0
32.02,1.0
55.52,1.0
40.88,0.0
34.61,1.0
34.68,1.0
21.17,1.0
70.71,0.0
55.13,1.0
17.42,1.0
24.96,1.0
50.36,1.0
13.18,0.0
19.39,1.0
117.31,1.0
18.76,0.0
41.9,0.0
37.66,1.0
44.11,0.0
38.01,1.0
58.48,1.0
42.85,1.0
63.63,1.0
28.3,0.0
26.22,1.0
32.92,1.0
74.62,1.0
74.92,0.0
43.06,1.0
42.53,1.0
46.64,1.0
30.76,1.0
21.47,0.0
29.73,1.0
50.87,1.0
130.2,1.0
76.77,0.0
34.52,1.0
97.1,1.0
20.65,1.0
92.66,1.0
139.48,0.0
25.72,0.0
155.75,0.0
24.44,0.0
56.65,1.0
93.45,1.0
63.64,0.0
37.41,1.0
35.07,1.0
42.11,1.0
20.89,1.0
142.59,1.0
23.41,0.0
115.44,1.0
26.51,0.0
47.36,1.0
19.64,1.0
35.6,0.0
20.57,0.0
52.82,0.0
43.42,1.0
42.0,0.0
46.3,1.0
69.41,1.0
105.09,1.0
12.36,1.0
68.78,1.0
90.2,1.0
13.73,1.0
61.55,1.0
32.76,1.0
14.34,1.0
35.59,1.0
77.45,1.0
10.4,1.0
85.55,0.0
16.73,1.0
137.31,0.0
45.9,1.0
67.14,1.0
31.13,1.0
24.13,1.0
69.14,1.0
42.56,1.0
109.0,1.0
89.28,1.0
34.22,1.0
94.82,1.0
70.13,1.0
45.72,0.0
94.23,0.0
47.37,1.0
57.63,1.0
70.97,1.0
36.91,1.0
120.72,0.0
64.44,1.0
61.99,1.0
28.53,0.0
58.18,1.0
32.2,1.0
101.97,1.0
39.67,0.0
36.62,1.0
75.88,0.0
49.28,1.0
77.52,1.0
67.62,1.0
89.56,0.0
17.08,1.0
146.7,1.0
30.74,0.0
171.7,0.0
29.56,1.0
49.52,1.0
14.9,1.0
31.54,1.0
18.67,1.0
12.47,1.0
197.63,0.0
101.88,0.0
71.08,1.0
64.11,0.0
105.3,1.0
92.51,1.0
21.81,1.0
68.3,1.0
32.89,0.0
19.64,1.0
52.74,1.0
46.37,1.0
33.87,0.0
23.72,1.0
21.1,1.0
33.13,0.0
12.99,0.0
77.02,1.0
38.03,0.0
16.41,0.0
26.61,1.0
125.93,1.0
74.38,1.0
28.2,0.0
106.19,1.0
53.25,1.0
63.81,1.0
25.33,1.0
15.66,1.0
90.84,1.0
23.42,0.0
94.16,0.0
50.3,1.0
69.13,1.0
28.2,0.0
144.16,0.0
72.35,1.0
14.5,1.0
23.26,1.0
69.15,0.0
52.21,1.0
26.54,1.0
14.5,1.0
22.67,0.0
23.52,1.0
51.95,1.0
59.71,1.0
18.03,1.0
25.03,1.0
117.52,1.0
35.99,1.0
21.43,1.0
18.44,1.0
29.79,1.0
33.21,1.0
32.0,0.0
45.72,1.0
29.64,1.0
8.11,1.0
51.74,1.0
76.82,1.0
74.55,1.0
58.89,1.0
31.08,1.0
21.9,1.0
79.14,0.0
29.3,1.0
34.97,1.0
24.07,0.0
27.67,1.0
47.83,1.0
279.98,1.0
18.16,1.0
65.7,1.0
87.52,0.0
213.19,0.0
20.94,1.0
63.4,1.0
56.45,0.0
74.74,1.0
25.28,1.0
53.23,1.0
62.6,0.0
50.97,1.0
122.48,1.0
28.53,1.0
42.78,1.0
22.77,1.0
80.09,0.0
60.81,0.0
19.87,1.0
60.95,0.0
28.4,0.0
21.8,0.0
39.4,0.0
26.55,0.0
29.12,1.0
135.13,1.0
38.7,1.0
55.79,1.0
63.29,1.0
49.79,0.0
58.53,1.0
28.72,1.0
31.51,1.0
58.45,1.0
92.14,1.0
90.64,0.0
28.93,1.0
21.12,1.0
29.74,1.0
13.24,0.0
36.75,1.0
128.59,1.0
26.52,1.0
117.32,1.0
31.34,1.0
33.83,1.0
60.08,1.0
56.46,1.0
20.41,0.0
51.1,1.0
44.24,1.0
64.07,0.0
24.69,1.0
16.07,1.0
48.13,1.0
44.0,0.0
31.2,0.0
37.16,1.0
27.68,1.0
30.37,1.0
29.83,1.0
24.57,1.0
162.14,1.0
34.78,0.0
12.58,0.0
30.37,0.0
44.94,1.0
60.64,0.0
10.84,1.0
76.71,1.0
48.5,1.0
131.26,1.0
15.29,1.0
70.29,1.0
47.49,0.0
29.88,0.0
28.0,1.0
137.84,0.0
83.78,1.0
39.63,1.0
25.92,1.0
16.62,0.0
27.29,1.0
44.33,1.0
25.62,1.0
29.86,1.0
40.26,0.0
46.55,1.0
22.2,0.0
27.45,1.0
101.06,1.0
63.16,1.0
36.57,0.0
82.35,1.0
11.11,1.0
49.79,1.0
84.16,1.0
24.74,1.0
24.05,0.0
42.79,0.0
49.83,1.0
124.15,0.0
129.99,1.0
22.08,1.0
48.65,1.0
64.46,1.0
40.01,1.0
107.52,1.0
33.94,1.0
47.91,1.0
65.3,1.0
25.49,1.0
105.09,1.0
51.32,1.0
69.18,1.0
18.76,1.0
43.09,1.0
49.87,1.0
27.99,1.0
90.36,1.0
61.2,1.0
146.39,1.0
61.06,0.0
36.2,1.0
50.25,1.0
12.52,1.0
30.3,1.0
48.87,1.0
37.28,0.0
33.54,0.0
53.73,0.0
48.69,0.0
67.14,0.0
32.76,1.0
34.1,1.0
20.65,1.0
100.84,1.0
58.25,1.0
29.8,0.0
30.56,1.0
41.52,1.0
48.05,1.0
30.24,1.0
117.86,0.0
26.28,1.0
48.78,0.0
76.51,0.0
73.27,1.0
34.23,1.0
19.44,1.0
77.74,1.0
55.15,0.0
39.58,0.0
41.95,1.0
29.47,1.0
38.32,1.0
33.18,1.0
103.01,0.0
23.93,0.0
24.9,1.0
18.82,0.0
42.45,1.0
30.39,1.0
65.1,1.0
24.18,1.0
105.59,1.0
14.3,0.0
72.22,1.0
112.39,1.0
17.36,1.0
49.79,1.0
34.57,1.0
39.5,0.0
53.49,1.0
29.13,1.0
41.6,1.0
41.47,1.0
96.21,1.0
27.43,1.0
47.84,0.0
127.3,1.0
22.61,0.0
97.91,1.0
52.9,1.0
24.24,1.0
56.47,1.0
17.08,0.0
36.13,1.0
82.74,1.0
51.01,0.0
119.18,0.0
35.29,0.0
14.9,1.0
23.0,0.0
77.85,0.0
52.04,1.0
99.0,1.0
29.8,1.0
18.04,0.0
17.81,1.0
22.24,1.0
76.12,0.0
14.64,1.0
24.5,1.0
33.18,0.0
47.68,0.0
25.25,1.0
30.74,1.0
49.69,1.0
17.34,1.0
26.54,1.0
55.3,1.0
14.34,1.0
101.86,1.0
44.32,1.0
46.19,1.0
19.67,1.0
29.0,1.0
59.54,1.0
36.38,0.0
23.65,0.0
29.18,1.0
8.86,1.0
44.08,0.0
34.96,0.0
40.91,1.0
55.03,1.0
95.72,0.0
25.85,1.0
77.71,1.0
45.16,0.0
83.68,0.0
25.72,1.0
34.48,1.0
22.74,1.0
13.9,1.0
44.19,0.0
48.91,1.0
85.49,1.0
38.98,1.0
41.84,1.0
44.76,1.0
52.05,0.0
29.45,1.0
53.56,1.0
33.53,1.0
40.52,1.0
37.34,0.0
151.25,0.0
62.32,1.0
84.72,1.0
44.58,0.0
37.98,1.0
19.14,1.0
70.42,0.0
23.13,1.0
114.55,1.0
29.24,1.0
18.15,1.0
32.62,0.0
46.06,1.0
58.62,1.0
18.04,1.0
55.58,1.0
17.67,1.0
17.89,1.0
15.12,1.0
74.55,1.0
43.28,1.0
23.56,0.0
73.45,1.0
75.46,1.0
82.37,1.0
30.7,1.0
18.36,0.0
34.27,1.0
88.93,1.0
15.97,1.0
49.04,0.0
65.85,1.0
50.37,1.0
83.44,0.0
33.17,1.0
28.28,0.0
28.7,1.0
93.99,1.0
31.76,1.0
19.93,1.0
43.74,1.0
31.8,1.0
29.43,1.0
41.44,1.0
26.9,0.0
32.21,1.0
84.25,0.0
32.85,1.0
74.5,0.0
49.08,1.0
23.14,1.0
64.9,1.0
21.07,1.0
32.1,0.0
57.57,1.0
205.9,0.0
14.54,1.0
56.68,1.0
28.27,1.0
6.89,1.0
19.01,1.0
44.49,1.0
19.21,1.0
35.94,1.0
14.46,1.0
23.47,1.0
39.88,1.0
96.28,1.0
24.61,1.0
40.24,1.0
32.02,0.0
32.01,1.0
29.38,1.0
40.18,1.0
148.36,1.0
106.82,0.0
75.11,0.0
55.88,1.0
35.68,1.0
95.83,1.0
26.81,1.0
28.53,1.0
18.49,1.0
127.2,1.0
64.82,1.0
16.3,1.0
47.77,1.0
38.05,1.0
35.26,0.0
50.84,1.0
121.31,0.0
61.97,1.0
13.11,0.0
46.93,1.0
38.92,1.0
36.23,1.0
39.04,1.0
41.72,1.0
24.92,1.0
40.44,0.0
28.27,0.0
30.13,0.0
42.49,1.0
21.1,1.0
21.01,0.0
25.24,1.0
35.45,1.0
14.77,1.0
21.53,1.0
59.17,1.0
35.26,1.0
139.2,1.0
75.49,1.0
49.51,1.0
81.51,1.0
18.59,1.0
112.94,0.0
37.83,1.0
48.47,0.0
27.06,1.0
47.04,0.0
43.23,0.0
40.2,1.0
61.05,1.0
24.66,1.0
33.83,1.0
30.39,1.0
23.7,1.0
32.71,0.0
106.49,1.0
16.17,1.0
37.33,1.0
21.09,1.0
88.61,0.0
85.86,1.0
33.47,1.0
54.44,1.0
53.57,1.0
60.42,0.0
39.44,1.0
25.69,1.0
79.9,1.0
42.13,1.0
64.34,0.0
61.58,0.0
41.72,1.0
38.42,1.0
55.18,0.0
49.31,1.0
45.45,1.0
40.68,0.0
28.18,1.0
60.93,0.0
46.23,1.0
47.41,1.0
31.23,0.0
65.38,0.0
61.03,1.0
25.98,0.0
40.53,1.0
39.83,0.0
116.07,0.0
74.2,1.0
20.39,1.0
33.23,1.0
56.41,1.0
21.97,1.0
22.25,1.0
16.46,0.0
37.12,1.0
18.24,1.0
86.83,0.0
176.62,1.0
22.79,1.0
44.93,0.0
24.13,1.0
21.31,1.0
54.37,1.0
32.9,1.0
48.96,1.0
55.76,1.0
92.88,0.0
37.26,1.0
22.45,1.0
67.17,1.0
53.62,1.0
81.4,0.0
27.45,1.0
31.16,0.0
9.29,1.0
36.64,1.0
63.2,1.0
49.12,1.0
93.49,0.0
54.59,1.0
123.28,0.0
56.91,1.0
76.6,0.0
48.23,0.0
36.79,1.0
133.75,1.0
39.96,1.0
23.22,1.0
55.09,1.0
37.69,1.0
66.25,1.0
25.87,0.0
32.71,0.0
61.47,1.0
17.51,0.0
24.24,1.0
19.26,1.0
36.36,1.0
94.6,0.0
23.36,0.0
19.95,1.0
81.15,1.0
114.93,1.0
75.14,1.0
29.69,1.0
60.61,1.0
23.33,0.0
74.65,1.0
48.0,1.0
41.13,1.0
34.91,1.0
129.97,1.0
50.49,0.0
29.0,1.0
61.95,1.0
40.31,0.0
74.32,1.0
60.16,1.0
69.36,0.0
48.06,0.0
47.14,0.0
32.91,0.0
55.36,1.0
66.3,1.0
281.61,1.0
44.83,0.0
49.27,1.0
14.79,0.0
9.33,1.0
23.9,0.0
15.08,1.0
9.5,1.0
43.75,1.0
33.4,0.0
48.5,1.0
122.68,0.0
62.32,0.0
13.56,1.0
35.9,0.0
26.29,1.0
81.98,1.0
14.73,1.0
117.09,1.0
22.23,1.0
50.62,1.0
30.53,0.0
64.24,0.0
40.08,0.0
52.32,0.0
41.01,1.0
70.99,0.0
155.15,1.0
30.77,1.0
17.28,1.0
27.13,0.0
24.3,1.0
25.99,1.0
23.19,1.0
41.49,1.0
59.49,0.0
48.11,1.0
103.4,1.0
43.91,1.0
73.94,1.0
18.88,0.0
32.79,1.0
78.72,1.0
52.89,1.0
97.02,1.0
25.56,0.0
91.98,1.0
25.21,1.0
30.16,0.0
37.4,1.0
56.96,0.0
25.24,1.0
37.17,0.0
32.69,1.0
39.35,1.0
82.69,1.0
50.14,1.0
101.11,1.0
64.42,1.0
45.19,1.0
33.24,1.0
61.82,0.0
20.44,1.0
14.9,1.0
79.73,1.0
52.57,1.0
26.77,1.0
83.24,1.0
59.17,1.0
58.4,0.0
22.45,1.0
21.52,1.0
14.4,0.0
35.66,0.0
107.99,0.0
28.62,1.0
56.38,0.0
16.04,1.0
31.42,0.0
38.99,1.0
38.65,1.0
54.02,0.0
54.49,1.0
53.89,1.0
66.17,0.0
92.94,1.0
21.55,0.0
37.95,1.0
24.21,1.0
46.45,1.0
38.19,0.0
37.23,1.0
173.52,1.0
24.26,1.0
138.6,0.0
32.78,1.0
96.83,1.0
24.55,0.0
32.21,1.0
50.82,1.0
34.98,1.0
39.89,1.0
58.19,1.0
68.59,1.0
27.54,1.0
30.98,1.0
46.41,0.0
36.56,1.0
30.5,1.0
27.5,1.0
46.66,1.0
51.24,1.0
43.23,1.0
98.25,0.0
33.22,0.0
70.91,1.0
99.01,1.0
50.83,1.0
31.0,1.0
32.63,1.0
47.57,0.0
51.39,0.0
16.33,1.0
122.74,1.0
37.07,1.0
35.39,1.0
52.85,1.0
104.98,0.0
43.94,1.0
94.32,1.0
66.46,1.0
41.45,1.0
22.38,1.0
49.7,0.0
82.63,0.0
24.19,1.0
85.11,0.0
176.84,1.0
15.71,1.0
124.76,1.0
22.3,0.0
58.56,0.0
58.67,1.0
34.46,1.0
40.17,1.0
26.98,1.0
35.04,1.0
43.74,0.0
16.7,1.0
100.89,1.0
24.84,0.0
37.18,1.0
31.86,0.0
20.48,0.0
119.13,1.0
30.16,1.0
45.89,0.0
27.61,0.0
23.28,0.0
26.19,0.0
45.83,1.0
34.6,1.0
77.34,1.0
47.53,1.0
34.96,1.0
32.74,0.0
41.6,0.0
135.61,1.0
52.33,1.0
62.63,1.0
96.34,1.0
31.28,0.0
21.01,0.0
56.28,1.0
17.63,1.0
18.49,1.0
23.22,1.0
27.68,0.0
27.21,0.0
58.05,1.0
109.56,0.0
24.68,0.0
13.8,1.0
24.19,1.0
21.02,1.0
34.56,1.0
40.8,1.0
55.9,1.0
80.33,0.0
24.81,1.0
22.29,1.0
83.87,1.0
16.35,0.0
105.59,1.0
21.74,1.0
39.41,1.0
232.06,0.0
78.64,0.0
22.19,0.0
45.04,1.0
37.52,1.0
34.19,1.0
16.86,1.0
30.32,1.0
47.16,1.0
69.43,1.0
24.88,1.0
34.29,1.0
53.8,0.0
99.89,1.0
80.85,0.0
17.45,1.0
27.87,0.0
11.73,1.0
22.99,1.0
54.72,0.0
95.42,1.0
29.27,1.0
29.94,0.0
51.97,0.0
50.28,1.0
22.97,0.0
69.49,1.0
53.77,1.0
65.1,1.0
67.59,1.0
36.45,0.0
56.58,1.0
24.82,1.0
38.28,0.0
62.02,1.0
13.44,1.0
17.35,1.0
45.32,1.0
25.81,1.0
98.84,0.0
30.47,0.0
76.07,1.0
83.44,1.0
67.46,1.0
34.33,1.0
143.24,1.0
21.07,0.0
31.03,0.0
25.84,1.0
30.72,0.0
47.65,1.0
147.92,1.0
14.16,1.0
192.66,1.0
36.03,1.0
49.2,1.0
53.21,1.0
37.64,1.0
100.01,0.0
51.4,0.0
134.96,1.0
38.77,1.0
35.79,1.0
27.04,1.0
48.1,1.0
101.27,1.0
27.4,1.0
62.74,0.0
62.73,1.0
66.26,0.0
66.99,1.0
17.4,1.0
66.93,1.0
99.4,1.0
34.59,1.0
58.94,1.0
14.42,1.0
102.51,1.0
53.97,1.0
96.73,1.0
65.3,0.0
49.65,1.0
22.0,1.0
42.56,1.0
52.7,1.0
101.9,1.0
81.81,1.0
19.81,1.0
27.6,1.0
82.44,1.0
21.91,1.0
28.95,1.0
28.34,1.0
18.42,0.0
54.9,1.0
63.97,1.0
17.96,0.0
34.59,1.0
37.14,1.0
29.68,0.0
141.62,1.0
60.87,1.0
21.7,0.0
61.8,1.0
105.12,1.0
22.1,1.0
90.04,1.0
38.99,0.0
46.93,1.0
71.87,1.0
144.4,0.0
27.68,1.0
200.3,0.0
27.82,0.0
38.4,1.0
26.65,1.0
18.34,1.0
55.33,1.0
37.74,1.0
42.93,1.0
32.61,1.0
94.12,0.0
38.03,1.0
14.05,0.0
94.26,0.0
95.79,1.0
107.99,0.0
30.61,1.0
41.34,1.0
14.65,0.0
17.75,1.0
17.52,1.0
21.02,0.0
15.53,0.0
58.35,1.0
48.1,1.0
19.12,1.0
191.93,1.0
21.26,1.0
26.39,1.0
52.81,1.0
27.56,1.0
57.76,1.0
97.67,1.0
76.7,0.0
51.13,1.0
42.2,0.0
41.81,1.0
102.23,1.0
29.87,1.0
130.78,1.0
60.15,1.0
58.41,1.0
47.27,1.0
24.88,0.0
18.07,1.0
18.28,1.0
28.57,1.0
46.52,0.0
19.96,1.0
131.26,0.0
40.61,1.0
85.03,0.0
35.19,1.0
45.59,0.0
101.53,1.0
57.41,1.0
21.33,1.0
88.1,1.0
205.15,0.0
42.79,1.0
37.49,1.0
18.44,1.0
15.82,0.0
48.92,1.0
121.21,1.0
69.37,0.0
70.6,1.0
18.91,0.0
53.06,1.0
14.73,1.0
17.68,1.0
25.05,1.0
97.66,1.0
47.17,1.0
21.0,1.0
118.26,1.0
20.72,1.0
31.42,1.0
53.96,1.0
15.19,1.0
41.73,0.0
43.49,1.0
44.42,1.0
91.43,0.0
61.1,0.0
48.55,0.0
66.97,1.0
149.25,1.0
21.71,1.0
79.6,1.0
58.4,0.0
136.53,0.0
63.48,1.0
14.4,1.0
53.56,1.0
48.87,0.0
152.54,1.0
29.93,1.0
35.85,1.0
109.99,1.0
32.16,1.0
89.2,1.0
103.29,1.0
47.29,1.0
49.74,1.0
27.53,0.0
47.25,1.0
22.11,0.0
47.33,1.0
31.85,1.0
36.67,1.0
58.68,1.0
29.76,0.0
36.67,0.0
17.08,1.0
60.54,0.0
37.61,1.0
44.35,1.0
132.09,1.0
35.22,1.0
196.32,1.0
54.04,1.0
17.59,0.0
100.61,1.0
62.91,1.0
15.78,1.0
40.21,1.0
19.86,1.0
36.14,1.0
21.32,1.0
20.61,1.0
41.09,1.0
71.06,0.0
23.8,1.0
81.04,0.0
52.32,1.0
21.7,1.0
178.09,0.0
99.21,1.0
29.48,1.0
18.81,1.0
116.43,1.0
45.21,1.0
25.93,1.0
14.38,1.0
32.24,1.0
23.17,1.0
25.0,1.0
97.53,1.0
33.85,1.0
103.23,0.0
47.82,1.0
32.85,1.0
24.25,0.0
136.12,1.0
17.23,1.0
109.98,1.0
28.59,1.0
91.8,1.0
15.88,1.0
39.41,1.0
20.77,1.0
110.08,1.0
80.96,1.0
59.27,1.0
17.62,1.0
48.94,1.0
38.33,0.0
46.33,0.0
25.8,1.0
47.46,1.0
45.46,1.0
23.77,1.0
23.63,1.0
26.42,1.0
15.86,1.0
25.86,1.0
44.18,1.0
70.9,1.0
61.39,1.0
32.66,1.0
72.47,1.0
60.95,1.0
31.82,0.0
74.14,1.0
19.94,1.0
32.04,1.0
19.42,1.0
96.17,0.0
29.87,0.0
37.03,1.0
84.69,1.0
21.07,0.0
54.26,1.0
37.14,1.0
17.15,1.0
101.54,1.0
28.41,1.0
29.69,1.0
61.43,1.0
130.7,1.0
15.4,0.0
68.33,0.0
147.33,0.0
85.6,1.0
23.65,0.0
38.04,1.0
47.39,1.0
46.96,1.0
14.79,1.0
95.4,0.0
101.97,1.0
39.6,1.0
22.79,1.0
59.68,1.0
140.27,1.0
76.07,1.0
84.08,1.0
52.1,1.0
33.72,1.0
53.91,1.0
62.29,1.0
11.47,0.0
53.84,1.0
132.65,0.0
21.56,1.0
111.48,1.0
24.51,1.0
142.81,1.0
25.82,1.0
148.58,1.0
83.61,1.0
29.33,0.0
23.31,1.0
56.88,1.0
37.86,1.0
84.09,1.0
31.77,1.0
44.5,0.0
49.58,1.0
29.9,1.0
52.73,0.0
38.42,1.0
46.04,1.0
18.43,0.0
23.78,1.0
66.25,1.0
109.35,0.0
27.41,1.0
59.49,1.0
76.18,1.0
48.2,1.0
130.36,0.0
37.32,0.0
16.84,0.0
82.49,1.0
24.1,1.0
54.59,1.0
29.25,1.0
21.89,0.0
60.9,0.0
70.64,1.0
35.47,1.0
42.39,1.0
55.5,0.0
49.31,1.0
33.64,1.0
50.17,1.0
73.34,1.0
123.56,1.0
64.4,1.0
48.59,1.0
27.26,1.0
20.0,0.0
177.29,0.0
91.85,1.0
40.5,0.0
23.55,0.0
22.07,1.0
37.98,1.0
35.53,1.0
89.14,1.0
71.76,1.0
21.48,0.0
45.88,1.0
38.71,1.0
55.0,1.0
12.92,1.0
73.63,1.0
25.58,1.0
54.71,1.0
63.94,1.0
25.74,1.0
40.31,0.0
87.04,1.0
20.29,1.0
37.52,1.0
197.05,1.0
39.08,0.0
70.71,1.0
53.42,1.0
118.8,0.0
61.31,1.0
112.95,1.0
52.69,1.0
79.46,0.0
30.16,1.0
32.81,1.0
29.43,1.0
27.85,1.0
70.31,1.0
34.69,0.0
62.45,1.0
22.59,1.0
52.3,1.0
85.88,0.0
14.23,1.0
42.13,1.0
102.7,0.0
71.68,1.0
15.19,1.0
61.47,0.0
37.23,1.0
62.78,1.0
11.74,1.0
17.22,1.0
35.44,1.0
36.57,1.0
132.38,1.0
41.54,1.0
30.39,1.0
100.25,1.0
73.63,1.0
39.4,1.0
48.27,1.0
55.66,1.0
67.29,1.0
43.65,0.0
33.19,0.0
18.24,1.0
37.15,1.0
101.28,1.0
17.7,1.0
40.28,1.0
31.98,1.0
35.63,1.0
37.19,1.0
43.64,0.0
42.15,0.0
77.89,1.0
20.51,1.0
13.44,1.0
64.42,1.0
72.07,1.0
16.52,1.0
24.28,0.0
13.36,1.0
43.0,1.0
23.76,1.0
37.94,1.0
22.05,1.0
68.99,0.0
47.94,1.0
84.12,1.0
93.82,1.0
41.37,1.0
9.03,0.0
50.12,1.0
33.66,0.0
62.96,1.0
108.87,0.0
30.29,0.0
49.4,0.0
46.76,0.0
25.96,0.0
92.21,1.0
61.67,1.0
57.07,1.0
27.03,1.0
34.8,0.0
94.81,0.0
68.08,1.0
35.09,0.0
37.75,1.0
15.21,1.0
46.36,1.0
119.43,0.0
84.36,0.0
71.76,1.0
40.85,1.0
38.7,1.0
54.8,0.0
42.47,1.0
75.09,1.0
43.21,1.0
58.63,1.0
78.47,1.0
30.45,1.0
105.29,0.0
67.85,1.0
53.31,1.0
20.28,1.0
59.97,1.0
37.15,1.0
102.29,1.0
46.73,0.0
33.08,0.0
7.86,1.0
40.48,1.0
36.09,0.0
31.22,1.0
32.8,0.0
32.94,1.0
121.45,1.0
47.24,1.0
129.67,1.0
59.51,0.0
87.95,1.0
34.25,1.0
55.96,1.0
46.44,1.0
55.95,0.0
18.25,1.0
44.53,1.0
38.31,1.0
17.87,1.0
76.47,1.0
22.84,1.0
43.97,1.0
28.64,1.0
53.19,1.0
62.71,1.0
38.65,0.0
30.34,1.0
50.79,0.0
16.62,1.0
34.72,1.0
91.8,1.0
26.9,1.0
77.71,1.0
32.34,1.0
73.81,1.0
36.34,1.0
40.56,1.0
15.26,1.0
11.05,1.0
18.26,1.0
28.83,1.0
40.8,0.0
51.14,1.0
172.73,1.0
76.48,1.0
19.29,1.0
13.38,0.0
44.04,1.0
116.9,1.0
50.11,1.0
94.11,1.0
19.96,0.0
58.56,1.0
45.12,1.0
154.78,0.0
62.47,1.0
24.63,1.0
11.09,1.0
60.47,0.0
96.23,1.0
74.06,1.0
26.05,1.0
100.88,1.0
37.23,1.0
81.85,1.0
33.76,0.0
15.59,1.0
45.41,1.0
45.2,1.0
31.83,0.0
30.13,0.0
92.69,1.0
48.45,0.0
42.98,1.0
32.27,0.0
116.5,1.0
17.4,1.0
20.99,1.0
31.77,1.0
85.86,0.0
67.43,1.0
25.64,1.0
26.54,1.0
73.38,1.0
66.35,1.0
9.91,0.0
41.98,1.0
32.93,1.0
82.8,1.0
25.65,0.0
98.06,0.0
97.75,1.0
120.24,1.0
66.9,0.0
31.8,0.0
36.49,1.0
51.6,1.0
48.18,1.0
29.61,1.0
47.22,1.0
67.38,1.0
43.93,1.0
67.99,0.0
34.81,1.0
36.71,0.0
42.44,1.0
10.02,1.0
27.8,1.0
36.38,1.0
63.01,1.0
46.21,0.0
114.68,0.0
38.52,0.0
18.12,0.0
31.79,0.0
35.69,1.0
21.6,1.0
39.83,0.0
122.58,0.0
39.22,0.0
24.72,1.0
44.27,1.0
36.87,1.0
167.0,0.0
34.87,1.0
61.61,1.0
71.03,0.0
83.22,1.0
31.44,1.0
122.82,1.0
13.92,1.0
120.35,0.0
85.74,1.0
100.75,0.0
29.36,1.0
21.26,1.0
31.28,1.0
17.68,1.0
35.84,0.0
29.74,1.0
50.85,1.0
53.69,0.0
36.53,0.0
26.77,1.0
100.55,1.0
60.22,0.0
75.06,0.0
37.56,1.0
42.19,1.0
100.6,1.0
34.73,0.0
29.9,1.0
63.48,0.0
109.78,0.0
26.06,0.0
43.08,1.0
25.33,1.0
75.66,0.0
22.97,1.0
24.07,1.0
45.66,1.0
42.13,1.0
76.31,1.0
32.64,1.0
32.18,0.0
21.8,1.0
62.56,0.0
66.05,1.0
40.93,1.0
70.36,1.0
218.48,1.0
10.69,1.0
47.93,0.0
26.08,0.0
21.07,1.0
33.96,1.0
29.34,0.0
46.76,1.0
38.07,1.0
32.36,1.0
17.06,1.0
21.94,1.0
103.83,1.0
69.71,0.0
42.49,1.0
16.08,1.0
66.58,1.0
77.82,0.0
9.04,1.0
81.52,0.0
35.23,1.0
37.22,1.0
15.65,1.0
52.78,1.0
19.55,0.0
57.81,1.0
124.17,1.0
15.71,1.0
26.98,0.0
16.4,1.0
19.88,1.0
32.54,1.0
83.87,0.0
45.61,1.0
51.41,0.0
105.13,0.0
30.92,0.0
63.99,1.0
8.01,1.0
17.79,1.0
64.73,1.0
13.04,1.0
35.56,1.0
22.69,1.0
56.45,1.0
68.79,1.0
82.66,1.0
21.35,1.0
56.21,0.0
54.0,1.0
11.62,1.0
82.8,0.0
87.29,1.0
58.76,1.0
28.43,1.0
20.66,0.0
86.65,1.0
32.93,1.0
11.32,1.0
132.18,1.0
76.22,1.0
24.85,1.0
53.86,0.0
17.59,1.0
12.61,0.0
91.51,1.0
51.13,0.0
18.88,1.0
34.96,1.0
69.39,0.0
112.33,1.0
44.16,1.0
17.96,1.0
48.9,0.0
41.99,1.0
23.44,1.0
40.49,1.0
44.83,1.0
44.27,1.0
50.49,0.0
43.2,1.0
68.67,1.0
11.14,1.0
38.84,1.0
36.4,1.0
46.0,1.0
102.05,1.0
72.85,1.0
73.65,0.0
66.24,1.0
27.63,1.0
42.9,1.0
10.1,1.0
32.2,1.0
32.31,0.0
14.21,1.0
52.87,1.0
58.33,1.0
41.81,0.0
74.5,1.0
52.81,1.0
17.96,1.0
77.43,1.0
36.22,0.0
23.83,1.0
12.06,1.0
74.06,0.0
31.12,1.0
32.38,1.0
31.23,1.0
42.65,0.0
44.93,1.0
73.6,1.0
83.09,0.0
35.84,1.0
34.64,1.0
58.81,0.0
37.99,1.0
67.55,0.0
76.64,1.0
132.31,1.0
33.07,0.0
26.66,1.0
39.64,1.0
68.1,1.0
73.06,1.0
8.23,1.0
25.5,1.0
64.77,1.0
21.95,1.0
32.6,0.0
17.78,1.0
18.9,1.0
20.43,1.0
35.08,1.0
20.28,1.0
43.67,1.0
33.76,1.0
16.99,0.0
18.68,1.0
35.78,1.0
38.32,1.0
19.69,1.0
65.15,1.0
36.63,0.0
14.66,1.0
35.27,0.0
50.94,1.0
74.92,1.0
30.62,0.0
32.76,0.0
23.9,1.0
43.2,1.0
56.17,1.0
71.31,0.0
18.86,1.0
19.44,1.0
10.62,0.0
202.71,0.0
61.4,0.0
36.48,0.0
49.06,0.0
77.41,1.0
51.49,1.0
33.76,0.0
13.52,1.0
11.78,1.0
51.73,1.0
22.74,1.0
43.98,0.0
70.9,1.0
20.25,1.0
112.22,1.0
15.88,1.0
81.24,1.0
21.72,1.0
13.53,1.0
19.84,1.0
30.29,1.0
86.95,1.0
33.89,1.0
29.89,0.0
34.22,0.0
19.54,1.0
31.93,1.0
61.39,1.0
47.33,0.0
73.64,1.0
64.57,1.0
17.86,1.0
72.09,0.0
47.57,0.0
43.66,1.0
24.89,0.0
15.18,1.0
115.05,1.0
39.17,1.0
32.76,1.0
22.73,1.0
133.49,0.0
56.75,1.0
33.54,0.0
34.77,1.0
112.76,1.0
44.84,0.0
92.02,1.0
18.2,1.0
21.57,1.0
26.02,1.0
9.84,1.0
40.1,0.0
33.33,1.0
49.41,1.0
21.72,1.0
40.79,1.0
33.54,1.0
187.47,1.0
29.79,0.0
60.92,0.0
214.88,1.0
170.72,0.0
52.58,1.0
39.93,1.0
91.69,0.0
129.16,0.0
140.95,1.0
24.43,0.0
21.58,1.0
61.34,0.0
19.49,0.0
50.08,1.0
54.24,0.0
39.25,0.0
35.21,1.0
131.14,1.0
106.21,1.0
43.82,1.0
42.61,0.0
39.56,1.0
32.23,1.0
8.49,0.0
35.79,1.0
11.58,1.0
41.65,1.0
41.48,1.0
104.72,0.0
80.7,0.0
93.51,1.0
98.18,1.0
48.73,1.0
46.53,1.0
30.49,1.0
129.46,1.0
42.37,0.0
19.35,0.0
50.11,1.0
25.5,0.0
16.74,0.0
35.41,1.0
27.13,0.0
31.75,1.0
44.5,1.0
100.91,1.0
22.69,1.0
72.59,1.0
38.94,1.0
58.28,1.0
45.09,1.0
35.17,1.0
37.02,1.0
76.41,1.0
31.82,1.0
73.22,0.0
29.78,0.0
44.26,1.0
59.1,0.0
18.39,0.0
16.62,1.0
34.86,1.0
21.94,1.0
59.0,1.0
61.45,0.0
52.76,1.0
36.32,0.0
16.13,1.0
67.43,0.0
36.63,0.0
36.67,1.0
78.28,1.0
21.7,1.0
15.01,1.0
33.51,1.0
21.94,1.0
37.13,0.0
23.56,0.0
19.76,0.0
57.05,1.0
74.05,1.0
34.74,1.0
78.86,0.0
34.1,0.0
58.44,1.0
62.75,1.0
53.6,1.0
45.07,1.0
27.48,1.0
46.42,1.0
33.33,1.0
102.62,1.0
77.5,0.0
41.8,0.0
69.14,1.0
53.06,0.0
38.25,1.0
31.37,0.0
43.43,1.0
50.45,1.0
65.28,0.0
38.02,0.0
18.73,0.0
21.67,1.0
8.65,1.0
44.42,1.0
87.98,0.0
38.31,1.0
178.17,1.0
27.25,1.0
77.16,1.0
33.09,1.0
14.43,1.0
42.74,1.0
37.46,1.0
37.85,1.0
47.99,1.0
65.37,0.0
41.36,1.0
51.93,0.0
98.57,1.0
30.22,1.0
12.48,0.0
35.58,1.0
40.81,0.0
86.52,0.0
37.8,0.0
38.78,1.0
36.05,1.0
18.37,0.0
35.81,1.0
15.29,0.0
45.26,1.0
62.04,1.0
65.23,1.0
26.61,1.0
44.52,0.0
31.11,1.0
19.04,1.0
19.02,1.0
21.48,1.0
100.11,1.0
108.12,0.0
80.52,1.0
49.77,1.0
37.23,1.0
95.8,0.0
76.61,1.0
50.1,1.0
36.31,1.0
49.54,0.0
89.92,1.0
42.21,1.0
22.59,1.0
44.37,1.0
14.99,1.0
39.6,1.0
19.85,0.0
39.68,0.0
73.19,1.0
19.15,1.0
34.45,1.0
60.08,0.0
28.6,1.0
34.5,1.0
21.29,1.0
58.34,1.0
19.54,1.0
59.43,1.0
110.78,0.0
24.26,0.0
21.05,1.0
108.1,1.0
51.03,1.0
104.95,1.0
34.34,1.0
85.24,1.0
23.62,0.0
25.87,0.0
116.1,1.0
30.76,1.0
33.36,1.0
57.96,0.0
21.97,0.0
45.95,0.0
34.0,1.0
37.6,1.0
68.89,1.0
50.64,1.0
41.34,1.0
26.86,0.0
68.09,1.0
10.2,1.0
22.63,0.0
51.25,0.0
34.01,1.0
48.68,1.0
96.73,1.0
54.89,1.0
26.6,1.0
13.76,1.0
53.35,1.0
101.72,0.0
60.94,1.0
54.14,0.0
36.18,0.0
33.88,1.0
42.87,1.0
41.56,0.0
17.07,0.0
105.54,1.0
40.13,0.0
11.63,1.0
48.99,0.0
84.42,1.0
26.96,1.0
31.4,1.0
42.26,0.0
34.16,1.0
45.92,1.0
131.39,0.0
14.91,1.0
40.83,1.0
52.05,0.0
54.69,1.0
31.27,1.0
48.2,1.0
14.04,0.0
16.68,0.0
21.99,1.0
95.85,0.0
150.64,1.0
13.1,1.0
32.64,1.0
161.16,1.0
40.16,1.0
33.89,0.0
36.74,1.0
21.51,1.0
53.35,1.0
20.86,1.0
30.46,1.0
10.49,1.0
72.99,1.0
222.75,1.0
37.3,1.0
83.69,1.0
27.3,1.0
77.28,1.0
15.53,1.0
34.81,1.0
31.04,1.0
51.69,1.0
30.3,1.0
56.08,0.0
57.95,1.0
13.92,1.0
28.98,1.0
59.57,1.0
51.21,1.0
106.4,1.0
31.53,0.0
59.57,1.0
50.45,1.0
92.06,0.0
24.22,1.0
42.25,0.0
22.89,0.0
44.76,0.0
78.71,1.0
44.36,1.0
69.69,1.0
53.82,1.0
80.51,0.0
23.84,1.0
79.96,1.0
41.64,0.0
60.24,0.0
53.27,0.0
95.54,0.0
19.11,1.0
27.09,0.0
34.42,1.0
32.32,1.0
104.15,0.0
110.49,1.0
50.32,1.0
25.38,1.0
49.54,1.0
75.9,1.0
24.51,0.0
60.56,0.0
72.57,1.0
84.46,1.0
70.79,0.0
45.28,0.0
37.1,1.0
43.15,1.0
26.49,0.0
15.5,1.0
34.4,1.0
29.65,1.0
118.6,1.0
18.68,0.0
55.41,0.0
156.26,1.0
81.01,1.0
165.75,1.0
9.77,1.0
103.55,1.0
64.87,1.0
38.65,1.0
9.78,1.0
86.54,1.0
48.31,1.0
31.29,0.0
53.69,1.0
43.69,1.0
57.13,1.0
72.98,0.0
115.28,1.0
15.5,0.0
67.08,1.0
70.78,1.0
55.09,0.0
16.4,1.0
51.16,0.0
23.93,1.0
41.82,1.0
52.98,0.0
51.12,1.0
40.23,1.0
16.03,1.0
28.89,1.0
28.1,0.0
18.09,1.0
68.44,1.0
63.04,0.0
28.62,1.0
11.33,1.0
63.73,1.0
53.76,1.0
32.32,1.0
39.77,1.0
81.19,1.0
164.29,1.0
49.89,0.0
38.6,0.0
114.0,1.0
40.58,1.0
74.71,1.0
70.97,1.0
29.86,1.0
76.37,1.0
40.44,1.0
157.66,1.0
30.82,1.0
27.56,1.0
84.59,1.0
33.23,1.0
149.75,0.0
99.03,1.0
170.42,1.0
31.5,1.0
97.0,1.0
20.33,1.0
26.81,0.0
46.29,0.0
13.51,1.0
34.83,1.0
20.17,1.0
54.9,1.0
35.42,0.0
104.14,1.0
14.95,0.0
18.73,1.0
73.86,0.0
102.5,0.0
95.99,1.0
49.45,1.0
26.98,0.0
37.21,0.0
74.47,1.0
27.82,1.0
40.63,1.0
30.85,0.0
58.21,0.0
64.76,1.0
21.95,0.0
49.89,1.0
72.8,1.0
29.65,1.0
48.4,0.0
34.7,0.0
63.66,1.0
26.05,1.0
58.89,1.0
36.18,1.0
83.56,1.0
115.57,1.0
37.21,1.0
28.66,1.0
32.88,1.0
22.84,1.0
28.01,1.0
19.85,1.0
42.39,0.0
64.61,1.0
35.17,0.0
18.1,1.0
30.97,1.0
19.48,1.0
41.21,0.0
45.33,1.0
64.91,1.0
82.61,1.0
26.64,1.0
22.05,1.0
29.41,0.0
100.26,1.0
94.21,0.0
76.29,1.0
83.48,1.0
102.17,1.0
45.26,1.0
16.98,1.0
43.96,1.0
67.3,1.0
53.53,1.0
87.12,0.0
24.57,1.0
55.91,1.0
24.58,1.0
12.66,0.0
37.06,0.0
22.78,1.0
60.71,1.0
68.15,0.0
58.37,0.0
15.31,1.0
27.72,1.0
48.73,1.0
38.35,1.0
45.07,1.0
93.48,1.0
88.96,1.0
24.13,1.0
28.4,1.0
56.63,1.0
33.22,1.0
9.22,0.0
25.23,1.0
203.43,1.0
26.82,1.0
19.0,1.0
22.62,1.0
29.55,0.0
36.74,1.0
23.78,1.0
18.92,0.0
32.52,1.0
22.97,1.0
52.1,1.0
11.91,1.0
50.68,1.0
115.54,0.0
82.29,1.0
18.13,1.0
44.83,1.0
18.75,1.0
63.32,0.0
33.25,0.0
37.61,1.0
31.12,1.0
31.95,1.0
112.71,1.0
33.83,1.0
10.17,0.0
45.91,1.0
63.46,1.0
89.06,1.0
59.67,0.0
34.67,1.0
72.62,1.0
33.47,1.0
110.85,1.0
14.88,0.0
79.91,1.0
51.07,1.0
40.6,1.0
56.01,0.0
33.38,0.0
18.34,1.0
84.62,1.0
100.01,1.0
20.04,1.0
41.7,1.0
81.12,1.0
27.19,1.0
25.26,1.0
17.58,0.0
90.51,1.0
119.47,1.0
60.85,1.0
32.12,0.0
45.0,1.0
26.89,0.0
61.65,0.0
65.79,1.0
39.37,1.0
72.04,1.0
20.34,1.0
132.06,1.0
62.32,1.0
51.07,1.0
14.66,1.0
42.31,1.0
61.22,1.0
44.27,1.0
17.01,0.0
68.49,1.0
78.25,1.0
48.42,0.0
59.47,1.0
37.14,1.0
149.62,0.0
27.67,1.0
18.12,1.0
46.13,1.0
159.45,1.0
86.35,1.0
76.09,1.0
48.07,1.0
208.29,1.0
58.96,1.0
19.26,1.0
26.9,1.0
21.65,1.0
38.18,1.0
59.83,0.0
39.92,1.0
20.71,1.0
21.21,1.0
43.7,1.0
46.14,1.0
37.8,1.0
15.1,0.0
51.05,1.0
143.95,1.0
24.65,1.0
36.94,1.0
37.17,1.0
44.46,1.0
203.44,1.0
46.24,1.0
147.72,0.0
41.9,1.0
64.18,1.0
41.54,1.0
45.97,1.0
15.18,1.0
37.34,1.0
20.34,1.0
127.42,1.0
34.82,1.0
34.3,1.0
76.38,1.0
54.9,0.0
35.19,1.0
26.95,1.0
33.93,0.0
14.53,1.0
132.84,0.0
20.38,1.0
14.86,1.0
18.98,0.0
12.55,1.0
64.96,1.0
50.96,1.0
41.7,1.0
42.99,0.0
51.66,1.0
23.91,1.0
75.12,1.0
35.93,1.0
17.87,1.0
106.16,0.0
35.2,1.0
31.3,1.0
76.55,1.0
33.58,1.0
21.79,1.0
115.54,0.0
22.18,1.0
27.63,1.0
49.71,0.0
47.84,1.0
73.16,1.0
28.54,1.0
59.58,0.0
117.38,0.0
61.06,1.0
59.12,1.0
21.23,1.0
69.24,1.0
34.3,1.0
115.77,1.0
61.75,1.0
24.31,0.0
55.4,1.0
107.76,1.0
154.43,1.0
29.98,1.0
32.85,1.0
20.01,1.0
23.75,0.0
72.68,1.0
28.88,1.0
48.18,0.0
30.03,1.0
41.79,1.0
20.28,1.0
67.85,0.0
77.64,1.0
16.8,1.0
31.33,1.0
23.87,0.0
26.38,1.0
29.83,1.0
81.92,0.0
17.85,1.0
17.39,1.0
25.12,1.0
20.07,1.0
26.25,0.0
36.71,0.0
16.82,0.0
50.84,1.0
71.41,0.0
36.56,1.0
30.73,0.0
137.51,0.0
48.09,1.0
37.79,1.0
20.56,0.0
109.34,1.0
33.29,0.0
78.26,1.0
17.27,1.0
13.86,1.0
81.26,1.0
30.33,1.0
76.21,1.0
215.41,1.0
32.29,1.0
